"Work type","Work item ID","Parent","Epic Name","Summary","Description","Priority","Component","Story Points","Labels","Labels","Labels","Labels","Labels"
"Epic","1","","Foundation & Platform Setup","Foundation & Platform Setup","Stand up the repo, environments, database and CI so every later epic has a place to land. Nothing in this epic is user-visible; everything after it depends on it.

*Phase:* Phase 0 - Foundation
*Stories in this epic:* 7","High","Platform","","epic-fnd","phase-0-foundation","","",""
"Story","2","1","","Set up the monorepo, package management and code standards","Create the repository layout for the Next.js frontend and FastAPI backend, with shared tooling, formatting and commit conventions so the two stacks stay consistent.

*Acceptance criteria*
* Repo contains a working `apps/web` (Next.js + TypeScript + Tailwind + shadcn/ui) and `services/api` (FastAPI + SQLAlchemy + Pydantic).
* A single command installs and runs both locally.
* Lint, format and type-check run clean on a fresh clone.
* README documents local setup end to end.

*Subtasks*
* Initialise Next.js 15 + TypeScript + Tailwind + shadcn/ui in apps/web
* Initialise FastAPI + SQLAlchemy 2.x + Pydantic v2 + Alembic in services/api
* Configure ESLint, Prettier, Ruff and mypy with agreed rule sets
* Add pre-commit hooks and Conventional Commits enforcement
* Write the root README with local setup, ports and env-var table

_BRD reference: Tech baseline S23_","Highest","Platform","5","epic-fnd","phase-0-foundation","phase-0","devex",""
"Story","8","1","","Provision PostgreSQL 17 with PostGIS, pgvector and btree_gist","Provision the database that the whole product assumes: relational core, geospatial queries for distance and routing inputs, vector search for RAG, and exclusion constraints for slot booking.

*Acceptance criteria*
* Local and staging databases run PostgreSQL 17 with postgis, pgvector and btree_gist enabled.
* Extension creation is part of a versioned migration, not a manual step.
* A smoke query proves each extension works (ST_DWithin, vector <-> operator, an EXCLUDE constraint).
* Connection pooling is configured and documented.

*Subtasks*
* Write migration 000 that creates the three extensions
* Add docker-compose service for Postgres 17 + PostGIS for local dev
* Configure SQLAlchemy engine, pooling and statement timeouts
* Add an extension smoke-test to the test suite
* Document the Supabase vs self-hosted decision and its trade-offs

_BRD reference: BRD 1.2, migrations 001-005_","Highest","Platform","5","epic-fnd","phase-0-foundation","phase-0","database",""
"Story","14","1","","Land the core schema migrations 001-005","Apply the five authored migrations (identity, catalogue, availability, booking/payment, AI/ops) and make them re-runnable from an empty database.

*Acceptance criteria*
* `alembic upgrade head` succeeds from an empty database with zero manual steps.
* `alembic downgrade base` runs clean, proving every migration is reversible.
* Every table has an owner, a primary key strategy and created_at/updated_at.
* Migration order has no forward references.

*Subtasks*
* Convert the five SQL files into ordered Alembic revisions
* Add downgrade paths for each revision
* Add a CI job that runs upgrade head then downgrade base on a scratch database
* Generate and commit an ERD from the live schema
* Document the entity model in the repo wiki

_BRD reference: BRD S13, migrations 001-005_","Highest","Platform","8","epic-fnd","phase-0-foundation","phase-0","database",""
"Story","20","1","","Enforce row-level security and tenant isolation at the database layer","Business staff must never see another organisation's bookings or customers. Enforce that in Postgres with FORCE ROW LEVEL SECURITY rather than relying on application filters alone.

*Acceptance criteria*
* RLS is enabled and FORCED on every table holding org-scoped or user-scoped data.
* The application connects as a non-superuser role that cannot bypass RLS.
* A test proves org A cannot read org B's bookings even with a crafted query.
* Session context (current org, current user) is set on every request and cleared on release.

*Subtasks*
* Define the app database role and revoke BYPASSRLS
* Write RLS policies for org-scoped tables (listings, experiences, slots, bookings)
* Write RLS policies for user-scoped tables (trips, favorites, notifications)
* Add SET LOCAL session-context middleware in FastAPI
* Write cross-tenant isolation tests that must fail closed

_BRD reference: BR-21, FR-060, FR-066_","Highest","Platform","8","epic-fnd","phase-0-foundation","phase-0","database","security"
"Story","26","1","","Build the environment and secrets strategy","Define local, staging and production environments with separate credentials, and make sure no secret can reach the client bundle or a log line.

*Acceptance criteria*
* Three environments exist with separate databases and separate third-party keys.
* Secrets come from the platform secret store, never from committed files.
* A CI check fails the build if a secret pattern appears in the repo or in a client bundle.
* Rotating a key requires no code change.

*Subtasks*
* Define the env-var contract and validate it at boot with Pydantic Settings
* Configure Vercel and backend-host environment variables per stage
* Add gitleaks or equivalent secret scanning to CI
* Write the key-rotation runbook

_BRD reference: BRD S25, AC-15_","High","Platform","3","epic-fnd","phase-0-foundation","phase-0","devex","security"
"Story","31","1","","Set up CI/CD with quality gates","Every pull request runs the same checks, and merging to main deploys to staging automatically.

*Acceptance criteria*
* PRs run lint, type-check, unit tests and migration up/down.
* Coverage is reported and a floor is enforced on changed files.
* Merge to main deploys the frontend to Vercel preview and the API to staging.
* A failed deploy rolls back without manual database surgery.

*Subtasks*
* Create the GitHub Actions workflow for the web app
* Create the workflow for the API including a Postgres service container
* Add coverage reporting and the changed-files threshold
* Wire staging auto-deploy and a manual production promotion gate
* Document the branch and release strategy

_BRD reference: BRD S24, S25_","High","Platform","5","epic-fnd","phase-0-foundation","phase-0","devex",""
"Story","37","1","","Build the seed and demo-data toolkit","The AI planner can only be demonstrated against real, verified Lebanese inventory. Build a repeatable seeder so any environment can be filled with credible data.

*Acceptance criteria*
* A single command seeds a coherent Lebanon dataset: regions, businesses, experiences, prices, hours, slots and images.
* Seeded coordinates are valid and fall inside Lebanon.
* Seed data is idempotent - running it twice does not duplicate rows.
* At least 60 experiences across 8+ categories and 6+ regions, enough for the planner to produce varied itineraries.

*Subtasks*
* Define the seed data format and validation rules
* Curate the Lebanon region and locality reference list
* Curate 60+ real experiences with categories, durations, price models and hours
* Write the idempotent seeder command with upsert-by-natural-key
* Add a coordinate and opening-hours sanity checker

_BRD reference: AC-02, AC-03, BR-01_","High","Platform","5","epic-fnd","phase-0-foundation","phase-0","data",""
"Epic","43","","Design System & UI Foundation","Design System & UI Foundation","Turn the brand foundation and the imported Figma frames into coded, accessible, tri-lingual components. This is the epic that connects the design work already done to the code.

*Phase:* Phase 0 - Foundation
*Stories in this epic:* 5","High","Design","","epic-dsn","phase-0-foundation","","",""
"Story","44","43","","Codify brand tokens as the single source of truth","Convert the brand package into design tokens consumed by both Figma and Tailwind, so a colour change happens in one place.

*Acceptance criteria*
* Colour, type, spacing, radius, elevation and motion tokens exist in one JSON source.
* Tailwind theme is generated from that source, not hand-maintained.
* Light and dark palettes are both defined; no colour is defined only inside a media query.
* Token names are semantic (surface, accent, danger), not literal (orange-500).

*Subtasks*
* Author the token JSON from the brand package
* Generate the Tailwind theme and CSS custom properties from tokens
* Define the dark-mode token overrides
* Publish the tokens as a Figma variables collection
* Document the token naming convention

_BRD reference: Brand foundation package_","Highest","Design","5","epic-dsn","phase-0-foundation","phase-0","design-system",""
"Story","50","43","","Fix the contrast failures found in the brand review","Several brand pairings fall below WCAG AA. Correct them at token level before components are built on top of them.

*Acceptance criteria*
* Every text/background pair used in the product meets 4.5:1, or 3:1 for large text.
* Control boundaries and focus rings meet the 3:1 non-text contrast requirement of WCAG 1.4.11.
* A contrast test runs in CI against the token file and fails on regression.
* The corrected values are pushed back into the brand package and Figma variables.

*Subtasks*
* Recompute relative luminance for every token pairing in use
* Adjust the failing accent and muted-text values
* Write the automated contrast assertion over the token JSON
* Update the brand package document with corrected swatches

_BRD reference: Package review findings_","Highest","Design","3","epic-dsn","phase-0-foundation","phase-0","design-system","accessibility"
"Story","55","43","","Build the core component library","Build the shadcn/ui-based components that the 54 screens actually use, each one keyboard-accessible and direction-agnostic.

*Acceptance criteria*
* Buttons, inputs, selects, date pickers, sliders, tabs, dialogs, sheets, toasts, cards, badges and empty states are implemented.
* Every interactive component is reachable and operable by keyboard alone, with a visible focus ring.
* No component uses left/right physical properties where logical properties (inline-start/end) are required for RTL.
* Components are documented in Storybook with light, dark, LTR and RTL snapshots.

*Subtasks*
* Set up Storybook with theme and direction toolbars
* Implement form primitives: input, select, combobox, date-range, slider
* Implement overlay primitives: dialog, sheet, popover, toast
* Implement content primitives: card, badge, rating, price, empty state
* Add axe-core accessibility checks to every story

_BRD reference: Screen inventory, FR-005_","High","Design","8","epic-dsn","phase-0-foundation","phase-0","design-system",""
"Story","61","43","","Implement the responsive app shell","One shell that carries header, navigation, language switcher, auth state and footer across all three surfaces at 390px and 1440px.

*Acceptance criteria*
* The shell renders correctly at 390px and 1440px with no horizontal scroll.
* Navigation collapses to a mobile pattern below the breakpoint.
* The language switcher flips direction without a reload.
* Traveller, business and admin shells share primitives but differ in navigation.

*Subtasks*
* Build the traveller header, nav and footer
* Build the business portal sidebar shell
* Build the admin console shell
* Implement the language switcher with direction flip
* Verify both breakpoints against the Figma frames

_BRD reference: Screen inventory, FR-005_","High","Design","5","epic-dsn","phase-0-foundation","phase-0","design-system",""
"Story","67","43","","Finish the Figma source of truth for all 54 screens","34 of 54 core desktop frames are imported. Complete the remaining desktop frames, add the mobile pass, and arrange everything on the documented grid.

*Acceptance criteria*
* All 54 core routes exist as 1440px frames.
* A 390px mobile pass exists for the 20 highest-traffic routes.
* Frames are placed on the agreed grid: X = slot * 1600, six journey bands on the documented Y values.
* Cross-surface handoffs are annotated on the canvas.

*Subtasks*
* Import the 20 remaining traveller and account desktop frames
* Run the 390px mobile pass on the priority routes
* Arrange all frames onto the journey-band grid
* Annotate the four cross-surface handoffs
* Tidy layer naming and publish the file for review

_BRD reference: Figma import checklist_","Medium","Design","5","epic-dsn","phase-0-foundation","design","figma",""
"Epic","73","","Accounts, Identity & Preferences","Accounts, Identity & Preferences","Registration, sign-in, recovery, profile, preferences and the language choice that everything else reads from.

*Phase:* Phase 0 - Foundation
*Stories in this epic:* 7","High","Traveller","","epic-acc","phase-0-foundation","","",""
"Story","74","73","","Implement registration, sign-in and sign-out","Secure email/password authentication with sessions, plus the groundwork for social sign-in later.

*Acceptance criteria*
* A user can register, sign in and sign out from web on mobile and desktop.
* Passwords are hashed with a modern KDF; plaintext never reaches logs or Sentry.
* Sessions are httpOnly, secure, SameSite and expire on a documented schedule.
* Protected routes redirect unauthenticated users and return them to the intended page after sign-in.

*Subtasks*
* Design the users, sessions and credentials tables
* Implement password hashing and the sign-up endpoint
* Implement session issue, refresh and revoke
* Build the /signin and /signup screens against the Figma frames
* Add route protection middleware on both client and server

_BRD reference: FR-001, AC-01_","Highest","Traveller","8","epic-acc","phase-0-foundation","auth","traveller",""
"Story","80","73","","Implement account recovery without account enumeration","A user can regain access, and an attacker cannot use the flow to learn which emails have accounts.

*Acceptance criteria*
* The forgot-password response is identical whether or not the address exists.
* Reset tokens are single-use, time-limited and invalidated on password change.
* All other sessions are revoked when a password is reset.
* Rate limiting blocks enumeration by volume.

*Subtasks*
* Implement reset-token issue and verification
* Build the /forgot-password and reset screens
* Send the reset email through the notification service
* Add rate limiting and a constant-time response path
* Write tests asserting identical responses for known and unknown emails

_BRD reference: FR-001_","Highest","Traveller","5","epic-acc","phase-0-foundation","auth","security",""
"Story","86","73","","Verify email addresses","Confirm the address is reachable before it can receive booking confirmations.

*Acceptance criteria*
* New accounts are unverified until the emailed link is used.
* Unverified accounts can browse but cannot book.
* The verification email can be resent with rate limiting.
* Verification state is visible in admin.

*Subtasks*
* Add verification token issue and confirm endpoints
* Build the verify-email and resend screens
* Gate booking on verified state
* Surface verification state on the admin user record

_BRD reference: FR-001_","High","Traveller","3","epic-acc","phase-0-foundation","auth","",""
"Story","91","73","","Build the profile and preferences screen","Let users set the basics the planner needs: name, language, home area, and the travel preferences that shape recommendations.

*Acceptance criteria*
* A user can set display name, language, home or start area and default group size.
* Dietary, accessibility, activity-intensity and interest preferences are editable and optional.
* Nothing sensitive is inferred - every preference is explicitly chosen by the user.
* Changes take effect on the next plan without needing a new account or session.

*Subtasks*
* Model the preference schema with controlled vocabularies
* Build the /settings profile and preferences UI
* Implement the preference read/write API
* Wire home-area selection to the map location picker
* Add a per-trip override so preferences are defaults, not constraints

_BRD reference: FR-002, FR-003, AC-01_","High","Traveller","5","epic-acc","phase-0-foundation","traveller","profile",""
"Story","97","73","","Implement language selection with Arabic RTL","Arabic, English and French, switchable at any time, with correct direction and no reload.

*Acceptance criteria*
* The three languages are selectable from the header and from settings.
* Arabic renders RTL with correct mirroring of icons, drawers and progress indicators.
* The choice persists for signed-in users and for guests via cookie.
* Language is reflected in the URL so a page can be shared in a specific language.

*Subtasks*
* Set up next-intl with the three locales and message catalogues
* Implement dir switching and logical CSS properties audit
* Add locale-prefixed routing
* Persist locale to the user profile and to a guest cookie
* Snapshot-test key screens in all three locales

_BRD reference: FR-005, AC-16_","Highest","Traveller","5","epic-acc","phase-0-foundation","i18n","traveller",""
"Story","103","73","","Build the account hub: trips, favorites, bookings and notifications","One place where a user finds everything they have saved or booked, scoped strictly to them.

*Acceptance criteria*
* /trips, /favorites, /bookings and /notifications each list the user's own records only.
* Empty states explain what the section is for and link to the relevant entry point.
* Items can be removed where policy permits; bookings are never silently deleted.
* Lists paginate and remain usable at 390px.

*Subtasks*
* Build the /trips list with status chips
* Build the /favorites grid with unfavorite
* Build the /bookings list with status and policy summary
* Build the /notifications list with read/unread
* Add ownership assertions to every query and a cross-user access test

_BRD reference: FR-004, FR-053_","High","Traveller","5","epic-acc","phase-0-foundation","traveller","profile",""
"Story","109","73","","Let users export and delete their data","Give users a working route to see what is held about them and to remove it, including personalisation signals.

*Acceptance criteria*
* A user can request an export and receive their profile, trips, favorites, reviews and bookings.
* A user can reset personalisation signals without deleting the account.
* Account deletion anonymises rather than destroys records that bookings and accounting depend on.
* Both actions are audit logged.

*Subtasks*
* Implement the data export job and download
* Implement personalisation-signal reset
* Implement account deletion with referential anonymisation
* Add the privacy section to /settings
* Document the retention policy per entity

_BRD reference: BR-22, BRD S16_","Medium","Traveller","3","epic-acc","phase-0-foundation","privacy","traveller",""
"Epic","115","","Catalogue, Search & Discovery","Catalogue, Search & Discovery","Everything a traveller can do before they ask for a plan: browse, search, filter, map, compare and save. This is the inventory layer the AI planner later reads from.

*Phase:* Phase 1 - Marketplace MVP
*Stories in this epic:* 8","High","Traveller","","epic-cat","phase-1-marketplace","","",""
"Story","116","115","","Model the catalogue: businesses, experiences, categories and media","The structured entities behind every listing, with the labelling rules that stop estimated prices being shown as firm ones.

*Acceptance criteria*
* Businesses, experiences, categories, tags, amenities, suitability labels and media are modelled and migrated.
* Every price carries currency, price type (fixed, from, estimated, quote-required) and an effective source.
* Only active and published entities are returned by public endpoints.
* Weather sensitivity (indoor, outdoor, weather-sensitive) is a first-class field.

*Subtasks*
* Write the catalogue migration with all constraints
* Define the category, tag, amenity and suitability taxonomies
* Implement the price-model value object with type and source
* Add the publish/unpublish state machine
* Write repository tests asserting unpublished content never leaks

_BRD reference: FR-010, FR-014, BR-01, BR-03_","Highest","Traveller","8","epic-cat","phase-1-marketplace","catalogue","database",""
"Story","122","115","","Build the browse and explore pages","The /explore surface with its filter rail, result grid and shareable state.

*Acceptance criteria*
* Users can browse destinations, experiences, attractions, restaurants and ready-made trips.
* Filters cover date, price, distance, category, group suitability, rating and availability where known.
* Filter state is encoded in the URL and restores exactly on reload or share.
* Results show count, active filter chips and a clear-all.

*Subtasks*
* Build the filter rail with all filter types
* Implement URL state sync for filters
* Build the result grid with skeleton and empty states
* Implement server-side filtering and pagination
* Add sort options and make the default explicit

_BRD reference: FR-010, FR-012, AC-02_","Highest","Traveller","8","epic-cat","phase-1-marketplace","catalogue","traveller",""
"Story","128","115","","Implement keyword and natural-language search","Search that handles a typed keyword and a typed sentence, and never returns something that is not a real listing.

*Acceptance criteria*
* Keyword search covers name, description, category and locality across the three languages.
* Natural-language queries are parsed into filters and run against the same index.
* Every result maps to a real internal entity ID; no result is generated text.
* Zero-result queries offer relaxations rather than a dead end.

*Subtasks*
* Set up full-text search with Arabic, English and French configurations
* Generate and store pgvector embeddings for experiences
* Implement hybrid keyword plus vector retrieval
* Implement the query-to-filter parser
* Build the zero-result relaxation suggestions

_BRD reference: FR-011, BR-01_","High","Traveller","8","epic-cat","phase-1-marketplace","catalogue","search",""
"Story","134","115","","Build the interactive map view","A map that stays in sync with the list, so a marker and a card are always the same thing.

*Acceptance criteria*
* Users can switch between list and map without losing filters or scroll position.
* Markers correspond exactly to the visible result set and open the matching detail card.
* Clustering handles dense areas such as Beirut without hiding results.
* The map is usable at 390px and degrades to the list if the map fails to load.

*Subtasks*
* Integrate Google Maps Platform with an API key restricted by referrer
* Implement marker rendering, clustering and hover sync
* Build the map detail card and its link to the listing
* Implement viewport-driven search with a search-this-area control
* Add the map failure fallback

_BRD reference: FR-013, AC-02_","Highest","Traveller","8","epic-cat","phase-1-marketplace","catalogue","maps",""
"Story","140","115","","Build the listing detail page","The page a traveller decides on: verified data, labelled prices, policies, availability status and the booking mode stated up front.

*Acceptance criteria*
* The page shows verified business data, price model, location, duration, policies, images and availability status.
* Estimated, from-price and quote-required values are explicitly labelled as such.
* The booking mode - instant confirm, request to book, or inquiry - is visible before any commitment.
* Add to trip and favorite are available without forcing AI plan generation.

*Subtasks*
* Build the gallery, header and key-facts block
* Build the price and policy block with explicit labelling
* Build the availability panel reflecting booking mode
* Implement add-to-trip and favorite from the detail page
* Add structured data markup for search engines

_BRD reference: FR-014, BR-03, BR-25_","Highest","Traveller","8","epic-cat","phase-1-marketplace","catalogue","traveller",""
"Story","146","115","","Implement favorites","Save a listing once, see it everywhere, and never end up with duplicates.

*Acceptance criteria*
* A user can favorite and unfavorite from grid, map card and detail page.
* A unique constraint prevents duplicate favorites at the database level.
* Favorites survive sign-out and sign-in.
* Optimistic UI rolls back cleanly if the write fails.

*Subtasks*
* Add the favorites table with a unique constraint
* Implement the toggle endpoint as idempotent
* Wire the favorite control into all three surfaces
* Handle the guest-to-signed-in favorite merge

_BRD reference: FR-015, FR-053_","High","Traveller","3","epic-cat","phase-1-marketplace","traveller","",""
"Story","151","115","","Build curated collections and ready-made trips","Editorial entry points for users who do not want to describe anything - a weekend in the north, a rainy-day list, a budget day out.

*Acceptance criteria*
* Admins can assemble collections from existing experiences.
* Collection pages render at /collections and each collection has its own page.
* A ready-made trip can be opened directly in the trip editor as a starting point.
* Collections respect publish state and never surface paused inventory.

*Subtasks*
* Model collections and collection items
* Build the admin collection editor
* Build the public collection index and detail pages
* Implement open-as-trip from a ready-made trip

_BRD reference: FR-010, FR-016_","Medium","Traveller","5","epic-cat","phase-1-marketplace","catalogue","content",""
"Story","156","115","","Surface related and nearby experiences","Suggestions that work without invoking the planner, with honest distance and travel-time context.

*Acceptance criteria*
* Each listing shows nearby and related experiences.
* Suggestions are based on location, category and compatibility, not on popularity invented by AI.
* Distance and estimated travel time are shown with each suggestion.
* Paused or unpublished inventory never appears.

*Subtasks*
* Implement the PostGIS nearby query with a tunable radius
* Implement category and attribute similarity scoring
* Build the related-experiences component
* Add travel-time context from the routing service

_BRD reference: FR-016_","Medium","Traveller","3","epic-cat","phase-1-marketplace","catalogue","discovery",""
"Epic","161","","Business Portal","Business Portal","The supply side: onboarding, verification, listings, availability, the booking inbox and performance metrics. Nothing a business publishes reaches a traveller without passing admin verification.

*Phase:* Phase 1 - Marketplace MVP
*Stories in this epic:* 10","High","Business","","epic-biz","phase-1-marketplace","","",""
"Story","162","161","","Build business registration and onboarding","A business can create an organisation account and start preparing listings while verification is pending.

*Acceptance criteria*
* A business can register an organisation and land in a pending-verification state.
* Pending businesses can draft listings but cannot publish them.
* The onboarding checklist shows exactly what is still required.
* The organisation is isolated by RLS from the first row written.

*Subtasks*
* Model organisations, memberships and verification state
* Build the business sign-up flow
* Build the onboarding checklist screen
* Block publish while verification is pending
* Add the org-scoped session context

_BRD reference: FR-060, AC-09_","Highest","Business","5","epic-biz","phase-1-marketplace","business","onboarding",""
"Story","168","161","","Build verification document submission","Collect what admin needs to verify a business, and make clear the badge is granted by Mshwar, never self-assigned.

*Acceptance criteria*
* A business can submit registration details and supporting documents.
* Uploaded documents are stored privately and are not publicly reachable.
* Verification state transitions are audit logged with actor and reason.
* The verified badge can only be set by an admin action.

*Subtasks*
* Build the document upload with private storage and signed URLs
* Model the verification submission and its review states
* Build the submission screen and status tracker
* Add the audit log entries for every state change

_BRD reference: FR-060, BR-02_","High","Business","5","epic-biz","phase-1-marketplace","business","trust",""
"Story","173","161","","Implement staff invitations and role-based permissions","An owner can bring in staff without handing over finance and settings access.

*Acceptance criteria*
* An owner can invite staff by email and assign a role.
* Roles limit access to listings, bookings, finance and settings independently.
* A staff member of one organisation cannot read any data from another.
* Invitations expire and can be revoked.

*Subtasks*
* Define the role and permission matrix
* Implement invitation issue, accept and revoke
* Enforce permissions in the API and hide unauthorised UI
* Build the team management screen
* Write cross-org and cross-role access tests

_BRD reference: FR-061, BR-21_","Medium","Business","5","epic-biz","phase-1-marketplace","business","security",""
"Story","179","161","","Build the listing and experience editor","The form a business fills in to create sellable inventory, with validation strict enough that the planner can trust the output.

*Acceptance criteria*
* A business can create and edit listings with category, images, location, duration, pricing and policies.
* Required fields and data types are validated before publication, not after.
* Location is set on a map and validated to fall inside Lebanon.
* Weather sensitivity and group suitability are set at creation.

*Subtasks*
* Build the multi-step experience editor
* Implement image upload through ImageKit with transformations
* Implement the map location picker with coordinate validation
* Implement the pricing editor with price type and currency
* Implement the publish gate with a pre-publish validation report

_BRD reference: FR-062, AC-09, BR-03_","Highest","Business","8","epic-biz","phase-1-marketplace","business","catalogue",""
"Story","185","161","","Build opening hours, slots, capacity and blackout management","The availability model the booking engine and the planner both read from.

*Acceptance criteria*
* A business can set weekly opening hours and dated exceptions.
* Slots carry start, end, capacity and remaining capacity.
* Blackout dates remove availability without deleting the slot definition.
* Every availability record stores last-updated timestamp and source.

*Subtasks*
* Model opening hours, exceptions, slots and blackouts
* Build the weekly hours editor
* Build the slot generator with recurrence rules
* Build the calendar view with blackout toggling
* Record actor and timestamp on every change

_BRD reference: FR-063, FR-041, BR-08_","Highest","Business","8","epic-biz","phase-1-marketplace","business","availability",""
"Story","191","161","","Build the booking inbox","Where a business sees requests and answers them, with the answer flowing straight back to the traveller's itinerary.

*Acceptance criteria*
* Requests appear in the inbox with party size, date, experience and traveller note.
* A business can confirm or reject with a reason and an optional message.
* The response updates the traveller's itinerary and triggers a notification.
* Only bookings belonging to the organisation are visible.

*Subtasks*
* Build the inbox list with status and date filters
* Build the request detail and respond panel
* Implement confirm and reject with reason capture
* Wire the response to the notification outbox
* Add the org-scope assertion test

_BRD reference: FR-064, FR-066, AC-09_","Highest","Business","8","epic-biz","phase-1-marketplace","business","booking",""
"Story","197","161","","Build the booking calendar and list views","A business needs both a day-by-day operational view and a filterable list.

*Acceptance criteria*
* Bookings render on a calendar by day and week.
* The list filters by status, date range and experience.
* Both views show capacity consumed against capacity available.
* Export to CSV is available for the filtered set.

*Subtasks*
* Build the calendar component with day and week modes
* Build the filterable booking list
* Add the capacity-utilisation indicator
* Implement filtered CSV export

_BRD reference: FR-066_","High","Business","5","epic-biz","phase-1-marketplace","business","booking",""
"Story","202","161","","Implement pause and unpublish without data loss","A business must be able to stop taking bookings tomorrow without erasing last month.

*Acceptance criteria*
* An experience can be paused; it stops appearing in search and in new itineraries immediately.
* Existing bookings, reviews and analytics for the paused experience are preserved.
* Unpausing restores visibility without re-entering data.
* Paused state is visible in the business portal and in admin.

*Subtasks*
* Add the paused state and exclude it from all public queries
* Verify the planner excludes paused inventory
* Add pause and unpause controls with confirmation
* Write a test asserting historical records survive a pause

_BRD reference: FR-068, BR-24_","High","Business","3","epic-biz","phase-1-marketplace","business","catalogue",""
"Story","207","161","","Build the business performance dashboard","Views, saves, itinerary inclusions, booking requests, confirmations and revenue - all derived from auditable events, not estimates.

*Acceptance criteria*
* The dashboard shows views, saves, itinerary inclusions, requests, confirmations and revenue where applicable.
* Every metric traces back to a recorded platform event.
* Date-range filtering works and the comparison period is stated.
* Metrics are org-scoped and cannot leak across organisations.

*Subtasks*
* Define the event taxonomy for business-facing metrics
* Implement event capture at each surface
* Build the aggregation queries with date ranges
* Build the dashboard screen with charts and an export

_BRD reference: FR-067_","Medium","Business","5","epic-biz","phase-1-marketplace","business","analytics",""
"Story","212","161","","Separate public and internal business contact details","The phone number on the listing and the number operations calls at 8am are not the same number.

*Acceptance criteria*
* A business can set public contact details and separate internal fulfilment contacts.
* Internal contacts are never returned by public endpoints.
* Fulfilment instructions reach the confirmation email but not the public page.
* A test asserts internal fields are absent from the public serializer.

*Subtasks*
* Split the contact model into public and internal
* Build the contact and fulfilment settings screen
* Audit the public serializers for leakage
* Include fulfilment instructions in confirmation notifications only

_BRD reference: FR-069_","Medium","Business","3","epic-biz","phase-1-marketplace","business","privacy",""
"Epic","217","","Admin, Moderation & Operations Console","Admin, Moderation & Operations Console","The operations surface that stands between supply and demand: verification, moderation, taxonomy, support, configuration and platform health. Every action here is audited.

*Phase:* Phase 1 - Marketplace MVP
*Stories in this epic:* 9","High","Admin","","epic-adm","phase-1-marketplace","","",""
"Story","218","217","","Build the admin authentication and permission model","Admin is a separate privilege level, not a flag on a normal account, and sensitive actions need elevated permission.

*Acceptance criteria*
* Admin access requires a distinct role that cannot be self-granted.
* Sensitive actions - financial overrides, booking state changes - require an elevated permission beyond basic admin.
* Every admin session is logged with actor, IP and duration.
* Admin routes are unreachable and invisible to non-admin accounts.

*Subtasks*
* Model admin roles and the elevated-permission tier
* Implement admin route guards on client and server
* Add admin session logging
* Build the admin role management screen
* Write privilege-escalation tests

_BRD reference: FR-070, FR-073, BR-20_","Highest","Admin","5","epic-adm","phase-1-marketplace","admin","security",""
"Story","224","217","","Build the business verification queue","The queue where a submitted business becomes a verified one, or does not, with a reason either way.

*Acceptance criteria*
* An admin can review, approve, reject, suspend and re-verify businesses.
* Every action requires a reason and is written to the audit log.
* Approval sets the verified badge; nothing else can set it.
* The business is notified of the outcome with the reason where appropriate.

*Subtasks*
* Build the verification queue list with filters and SLA age
* Build the review detail with document viewer
* Implement approve, reject, suspend and re-verify with reason capture
* Wire outcome notifications to the business
* Add audit log entries for every transition

_BRD reference: FR-070, BR-02, AC-10_","Highest","Admin","8","epic-adm","phase-1-marketplace","admin","trust",""
"Story","230","217","","Build content moderation for listings, images and reviews","Moderate abuse without rewriting what people actually said, and keep the evidence.

*Acceptance criteria*
* An admin can moderate listings, images, reviews and other user-generated content.
* Moderation preserves the original content and history for audit and support.
* A review can be hidden for policy violation but never edited into different words.
* Bulk actions are available for obvious spam waves.

*Subtasks*
* Build the moderation queue with content-type filters
* Implement hide, restore and escalate actions with evidence retention
* Build the image moderation view
* Implement bulk moderation with a confirmation step
* Add the moderation audit trail

_BRD reference: FR-071, BR-11, AC-10_","High","Admin","8","epic-adm","phase-1-marketplace","admin","trust",""
"Story","236","217","","Build taxonomy management","Categories, tags, amenities, suitability labels and weather-sensitivity classes, editable without a deploy and without breaking existing records.

*Acceptance criteria*
* An admin can create, rename, merge and retire taxonomy terms.
* Changes propagate to search and planning without orphaning existing assignments.
* Retiring a term keeps historical assignments intact and stops new ones.
* Term changes are versioned and audited.

*Subtasks*
* Build the taxonomy CRUD screens
* Implement merge and retire with reassignment
* Trigger search reindex on taxonomy change
* Add taxonomy change auditing

_BRD reference: FR-072_","High","Admin","5","epic-adm","phase-1-marketplace","admin","catalogue",""
"Story","241","217","","Build booking and payment inspection with support actions","When a traveller calls, operations needs the whole picture and a safe set of levers.

*Acceptance criteria*
* An admin can inspect any booking with its full state history, price snapshot and policy snapshot.
* Payment records and their provider references are visible without exposing secrets.
* Authorised support actions - force-cancel, mark refunded, resend confirmation - require elevated permission and a reason.
* Every support action is audit logged and visible on the booking timeline.

*Subtasks*
* Build the booking inspector with the full state timeline
* Surface payment records and reconciliation status
* Implement the elevated support actions with reason capture
* Add the booking audit timeline component
* Write tests asserting non-elevated admins cannot perform financial actions

_BRD reference: FR-073, BR-20_","High","Admin","8","epic-adm","phase-1-marketplace","admin","booking",""
"Story","247","217","","Build marketplace configuration and feature flags","Commission, fees, planner limits and feature rollout changeable from the console, with a record of who changed what.

*Acceptance criteria*
* An admin can configure commission and fee rules without a code change.
* Feature flags can be toggled per environment and per cohort.
* Configuration changes are versioned with actor, timestamp and previous value.
* A misconfiguration can be rolled back to a previous version in one action.

*Subtasks*
* Model versioned configuration with an audit trail
* Build the fee and commission configuration screen
* Implement the feature-flag service and its client hook
* Implement configuration rollback
* Document which settings are safe to change live

_BRD reference: FR-074_","Medium","Admin","5","epic-adm","phase-1-marketplace","admin","config",""
"Story","253","217","","Build the platform health and KPI dashboard","The numbers operations checks every morning, computed from defined event semantics rather than ad-hoc queries.

*Acceptance criteria*
* The dashboard shows user, business and booking KPIs with date filtering.
* Each metric has a written definition visible from the dashboard.
* Planner health - generation success rate, infeasible rate, fallback rate - is included.
* The dashboard loads in under three seconds on a month of data.

*Subtasks*
* Define the event semantics document and metric definitions
* Build the aggregation layer with materialised views where needed
* Build the KPI dashboard screen
* Add planner health metrics
* Add metric definition tooltips sourced from the definitions document

_BRD reference: FR-075, BRD S19_","Medium","Admin","5","epic-adm","phase-1-marketplace","admin","analytics",""
"Story","259","217","","Build the support case and report handling workflow","Reported reviews, reported listings and user support cases tracked to resolution rather than handled in an inbox.

*Acceptance criteria*
* A report or support case has status, owner, evidence and resolution.
* Cases can be assigned, reassigned and escalated.
* Resolution requires an outcome note.
* Case age and backlog are visible on the health dashboard.

*Subtasks*
* Model support cases and reports
* Build the case queue and detail screens
* Implement assignment, escalation and resolution
* Link cases to the entities they concern
* Add case metrics to the health dashboard

_BRD reference: FR-076_","Medium","Admin","5","epic-adm","phase-1-marketplace","admin","support",""
"Story","265","217","","Build automated data-quality checks","Catch stale availability, missing prices and invalid coordinates before a traveller finds them.

*Acceptance criteria*
* Scheduled checks flag stale availability, missing or unlabelled prices and coordinates outside Lebanon.
* Issues appear in an admin queue and can notify the owning business.
* A check can be triggered on demand as well as on schedule.
* Resolved issues close automatically on the next run.

*Subtasks*
* Implement the check framework and scheduler
* Write the stale-availability, missing-price and invalid-coordinate checks
* Build the data-quality queue screen
* Implement business notification for flagged issues
* Add check results to the health dashboard

_BRD reference: FR-077, BR-08, BR-09_","Medium","Admin","5","epic-adm","phase-1-marketplace","admin","data",""
"Epic","271","","Maps, Routing & Weather","Maps, Routing & Weather","The factual services the planner depends on: where things are, how long it takes to get between them, and whether the weather will ruin it. These must be real measurements, never guesses from a language model.

*Phase:* Phase 2 - AI Planner
*Stories in this epic:* 6","High","Planner","","epic-map","phase-2-ai-planner","","",""
"Story","272","271","","Integrate the routing and travel-time service","Real distance and duration between stops, cached hard because this is the most expensive external call in the product.

*Acceptance criteria*
* Travel time and distance between any two stops come from the configured routing provider.
* Results are cached by origin, destination, mode and time bucket.
* When the provider is unavailable, metrics are marked unavailable rather than estimated silently.
* Provider cost per plan is measurable and within the documented budget.

*Subtasks*
* Integrate the Google Maps routing API behind a provider interface
* Implement the distance-matrix cache with a TTL policy
* Implement graceful degradation when routing is unavailable
* Add per-plan routing cost instrumentation
* Write tests against a recorded provider fixture

_BRD reference: FR-031, AC-05, BR-04_","Highest","Planner","8","epic-map","phase-2-ai-planner","maps","planner",""
"Story","278","271","","Build the start-location picker","Three ways to say where you are starting from, and device location is never the only one.

*Acceptance criteria*
* A user can set the start location by search, by dropping a pin on the map, or by granting device location.
* Manual entry is always available; the flow never dead-ends on a denied permission.
* Precise location is requested only with explicit user permission.
* The chosen start location is shown in plain language, not as raw coordinates.

*Subtasks*
* Build the location search with place autocomplete
* Build the map pin-drop picker
* Implement the geolocation permission flow with denial handling
* Implement reverse geocoding for a human-readable label
* Persist the default start location to the profile

_BRD reference: FR-030, BR-17_","Highest","Planner","5","epic-map","phase-2-ai-planner","maps","traveller",""
"Story","284","271","","Implement multi-stop route optimisation","Sequence the stops to cut pointless driving while honouring locked stops, appointment times and the return-by constraint. This is an OR-Tools job, not a prompt.

*Acceptance criteria*
* The optimiser sequences stops to reduce total travel time subject to hard constraints.
* Locked stops keep their position; appointment-time stops keep their window.
* The return-by time and closing times are respected or the plan is reported infeasible.
* Optimiser output is validated against the routing service before display.

*Subtasks*
* Model the itinerary as a constrained routing problem
* Implement the OR-Tools solver with time windows
* Encode locked stops and fixed appointments as constraints
* Implement post-solve validation against real routing data
* Add solver timeout handling and a deterministic fallback ordering
* Benchmark solve time across 3, 6 and 10 stop plans

_BRD reference: FR-024, FR-032, AC-05_","Highest","Planner","13","epic-map","phase-2-ai-planner","planner","optimisation",""
"Story","291","271","","Integrate the weather forecast service","Open-Meteo for the prototype behind an interface, because production will need something with a commercial guarantee.

*Acceptance criteria*
* Forecasts are retrieved per location and date for the planning horizon.
* The provider sits behind an interface so it can be swapped without touching the planner.
* Forecast data carries its source and retrieval timestamp.
* Forecast unavailability degrades to no warning, never to a wrong warning.

*Subtasks*
* Define the weather provider interface
* Implement the Open-Meteo adapter with caching
* Store forecast source and timestamp with every retrieval
* Implement the unavailable-forecast degradation path
* Document the production provider decision and its cost

_BRD reference: FR-034, BR-18, AC-06_","High","Planner","5","epic-map","phase-2-ai-planner","weather","planner",""
"Story","297","271","","Implement weather-sensitivity classification and warnings","Classify what the weather can ruin, then warn about it clearly - without cancelling anything on the user's behalf.

*Acceptance criteria*
* Every experience carries an indoor, outdoor or weather-sensitive classification, editable by verified business or admin.
* A warning appears when configured thresholds are met for an affected stop.
* The warning names the affected stops and shows the forecast source timestamp.
* A warning never cancels or alters a booking automatically.

*Subtasks*
* Add the classification field and its editors in business and admin
* Define the configurable warning thresholds
* Implement the warning evaluation in the planning pipeline
* Build the itinerary weather warning component
* Write tests asserting no booking state changes on a warning

_BRD reference: FR-033, FR-034, AC-06_","High","Planner","5","epic-map","phase-2-ai-planner","weather","planner",""
"Story","303","271","","Implement partial replanning for weather-affected stops","Rebuild only the parts the weather hit, and leave the rest of the plan alone.

*Acceptance criteria*
* A user can rebuild only the weather-affected portion of a trip.
* Locked stops and unaffected stops keep their place where feasible.
* The replan recalculates downstream time, route and cost.
* If no feasible replacement exists, the user is told plainly rather than shown a worse plan silently.

*Subtasks*
* Implement affected-segment detection
* Implement the constrained partial re-solve
* Build the replan-affected-stops UI action
* Show a before-and-after diff of the changed segment
* Handle the no-feasible-alternative case explicitly

_BRD reference: FR-035, AC-06_","Medium","Planner","8","epic-map","phase-2-ai-planner","weather","planner",""
"Epic","309","","AI Trip Builder","AI Trip Builder","The product's centrepiece and its biggest risk. The language model reads intent and writes explanations; it never invents a place, a price or a total. Every stop resolves to a real entity ID.

*Phase:* Phase 2 - AI Planner
*Stories in this epic:* 13","High","Planner","","epic-aip","phase-2-ai-planner","","",""
"Story","310","309","","Build the intent extraction service","Turn a sentence in Arabic, Lebanese Arabic, English, French or a mix of them into validated structured constraints.

*Acceptance criteria*
* Free text in any of the supported languages returns a validated structured constraint object.
* Lebanese Arabic phrasing is handled, not just Modern Standard Arabic.
* Missing required fields produce a clarification request rather than a guess.
* The extractor output is schema-validated; malformed output is retried then failed safely.

*Subtasks*
* Define the trip-constraint schema with Pydantic
* Write and version the extraction prompt with few-shot examples
* Build the Lebanese Arabic example set for the prompt and the tests
* Implement schema validation with bounded retry
* Implement the clarification-question generator for missing fields
* Build the evaluation set of 100 real phrasings across the three languages

_BRD reference: FR-020, FR-021, AC-03_","Highest","Planner","8","epic-aip","phase-2-ai-planner","ai","planner",""
"Story","317","309","","Build the clarification loop","Ask for what is genuinely missing, once, rather than interrogating the user or inventing defaults invisibly.

*Acceptance criteria*
* The planner asks only for constraints it cannot default safely.
* Any assumed default is shown to the user on the plan itself.
* The user can answer clarifications inline without losing what they already typed.
* No more than two clarification rounds before the planner proceeds with visible assumptions.

*Subtasks*
* Define which constraints are required versus defaultable
* Build the inline clarification UI
* Implement the assumptions banner on generated plans
* Cap clarification rounds and proceed with stated defaults

_BRD reference: FR-021, BRD S11_","High","Planner","5","epic-aip","phase-2-ai-planner","ai","planner",""
"Story","322","309","","Build structured candidate retrieval","Pull candidates from Mshwar inventory before a single word of itinerary text is generated. This is the rule that keeps the product honest.

*Acceptance criteria*
* Candidate retrieval runs against the database before any generation step.
* Every candidate carries a valid internal entity ID and an active published status.
* Retrieval combines structured filters with vector similarity over verified descriptions.
* A plan cannot be assembled from anything not returned by retrieval.

*Subtasks*
* Implement the structured filter query from the constraint object
* Implement pgvector similarity retrieval over experience embeddings
* Implement hybrid scoring and candidate-set assembly
* Enforce the entity-ID contract between retrieval and assembly
* Write a test asserting no stop can exist without a retrieved candidate

_BRD reference: FR-022, BR-01, AC-03_","Highest","Planner","8","epic-aip","phase-2-ai-planner","ai","planner",""
"Story","328","309","","Implement hard eligibility filtering","Filter candidates against the constraints that cannot be negotiated: hours, duration, capacity, travel feasibility and budget.

*Acceptance criteria*
* Candidates are filtered against opening hours, duration, capacity, travel feasibility and budget.
* A hard-constraint violation is blocked, or flagged explicitly before display - never hidden.
* A strict budget is not exceeded without an explicit warning and user approval.
* A stop is not scheduled outside known opening hours unless the business supports appointment exceptions.

*Subtasks*
* Implement the opening-hours feasibility check with exception support
* Implement the capacity and availability eligibility check
* Implement the travel-feasibility check using real routing data
* Implement the budget check with the strict-budget warning path
* Build the constraint-violation explanation format
* Write the eligibility test matrix covering each constraint independently

_BRD reference: FR-023, AC-04, BR-05, BR-06_","Highest","Planner","8","epic-aip","phase-2-ai-planner","planner","rules",""
"Story","335","309","","Implement candidate ranking","Rank the eligible candidates against the user's stated preferences, with sponsored placement labelled and unable to bypass eligibility.

*Acceptance criteria*
* Ranking uses stated preferences, factual attributes and compatibility, not fabricated popularity.
* Sponsored placement is clearly labelled and cannot override a hard eligibility rule.
* Ranking weights are configurable and versioned.
* The same input produces the same ranking - the ranker is deterministic.

*Subtasks*
* Define the ranking feature set and weights
* Implement the deterministic scoring function
* Implement sponsored-placement injection with labelling and eligibility guard
* Make weights configurable through admin configuration
* Write ranking regression tests with a golden fixture set

_BRD reference: BRD S11, BR-10_","High","Planner","8","epic-aip","phase-2-ai-planner","ai","planner",""
"Story","341","309","","Build the itinerary assembly and cost computation","Assemble the timeline and compute the total from stored price components. The model may explain the number; it may never produce it.

*Acceptance criteria*
* The itinerary shows timeline, total estimated cost, travel segments, stop durations and booking status.
* The total is computed from stored structured price components in backend code.
* Estimated and from-price components are labelled in the breakdown.
* A test asserts the displayed total equals the sum computed from the database.

*Subtasks*
* Implement the itinerary assembly service
* Implement the cost breakdown calculator over price components
* Build the itinerary timeline UI with travel segments
* Build the cost breakdown panel with per-component labelling
* Write the total-integrity test asserting no model involvement

_BRD reference: FR-025, BR-04, AC-03_","Highest","Planner","8","epic-aip","phase-2-ai-planner","planner","booking",""
"Story","347","309","","Implement stop locking and targeted regeneration","Let a user pin what they already love and ask for everything else to change.

*Acceptance criteria*
* A user can lock a stop and request changes to the rest of the plan.
* Locked stops are unchanged unless a feasibility conflict makes them impossible.
* Any forced change to a locked stop is explained explicitly.
* Regeneration recalculates time, route and cost for the whole plan.

*Subtasks*
* Add lock state to the itinerary model
* Pass locks as hard constraints into the solver
* Build the lock and unlock controls on the itinerary
* Implement the locked-stop conflict explanation
* Write tests covering lock plus infeasibility

_BRD reference: FR-026, AC-07_","Highest","Planner","8","epic-aip","phase-2-ai-planner","planner","traveller",""
"Story","353","309","","Implement single-stop replacement","Swap one stop for an alternative and recompute everything downstream before the user commits.

*Acceptance criteria*
* A user can replace a stop with alternatives that match the remaining constraints.
* Replacement recalculates downstream time, cost and route before confirmation.
* The alternatives list shows why each one fits.
* The user sees the delta in time and cost before accepting.

*Subtasks*
* Implement the alternatives query for a given slot
* Build the replace-stop panel with alternatives
* Implement downstream recalculation and the preview diff
* Implement accept and cancel for the proposed replacement

_BRD reference: FR-027, AC-07_","Highest","Planner","5","epic-aip","phase-2-ai-planner","planner","traveller",""
"Story","358","309","","Implement conversational trip refinement","Convert phrases like less driving or make it more romantic into structured preference changes, then revalidate the whole plan.

*Acceptance criteria*
* Free-text edits are converted into structured preference changes.
* The revised plan is revalidated against all hard constraints.
* The user sees what the system understood before the plan changes.
* An unparseable request asks for clarification rather than silently doing nothing.

*Subtasks*
* Define the refinement intent schema
* Write and version the refinement prompt
* Build the refinement chat panel on the trip editor
* Show the interpreted change for confirmation
* Handle unparseable refinements with a clarification

_BRD reference: FR-028_","Medium","Planner","8","epic-aip","phase-2-ai-planner","ai","planner",""
"Story","364","309","","Build recommendation explanations with RAG","Explain why each stop is there, grounded in the user's stated preferences and factual attributes only.

*Acceptance criteria*
* Explanations reference user preferences and factual entity attributes.
* No explanation exposes model internals, scores or private data.
* Explanations are generated from retrieved verified content, not from model memory.
* An explanation never contains a price, time or total that contradicts the structured plan.

*Subtasks*
* Build the RAG retrieval over verified business content
* Write and version the explanation prompt with grounding constraints
* Implement the contradiction check between explanation and structured plan
* Build the explanation UI on each stop

_BRD reference: FR-029, BR-04_","Medium","Planner","5","epic-aip","phase-2-ai-planner","ai","planner",""
"Story","369","309","","Persist itinerary versions for auditability","Every AI-generated version is stored before booking, so the plan that was booked can always be reconstructed.

*Acceptance criteria*
* Each generated or edited itinerary version is persisted with its constraints and inputs.
* A booking references the exact itinerary version it was made from.
* Version history is viewable by the user and by admin support.
* Versions are immutable once written.

*Subtasks*
* Model itinerary versions with immutable snapshots
* Persist the constraint object and retrieval inputs per version
* Link bookings to itinerary versions
* Build the version history view
* Write immutability tests

_BRD reference: BR-19, BR-25_","High","Planner","5","epic-aip","phase-2-ai-planner","planner","audit",""
"Story","375","309","","Build the AI failure fallback path","When the model provider is down, the product still works - it just works without natural language.

*Acceptance criteria*
* AI provider failure falls back to structured filter-based planning.
* The fallback never corrupts persisted state or leaves a half-written plan.
* The user is told plainly that the natural-language path is unavailable.
* The fallback is exercised by an automated test and by a documented manual drill.

*Subtasks*
* Implement provider timeout, retry and circuit-breaker policy
* Implement the structured-only planning fallback
* Ensure transactional integrity across the fallback boundary
* Build the degraded-mode user messaging
* Add a fault-injection test for provider failure

_BRD reference: AC-13, BRD S18_","Highest","Planner","5","epic-aip","phase-2-ai-planner","ai","resilience",""
"Story","381","309","","Build prompt-injection and output-safety guards","User text and business-written descriptions both reach the model. Neither may be allowed to change what the system does.

*Acceptance criteria*
* Business descriptions and user input are treated as data, never as instructions.
* The model cannot trigger a booking, a payment or a price change through its output.
* Model output is schema-validated before it influences any state.
* Injection attempts are logged and surfaced in the admin health dashboard.

*Subtasks*
* Implement input and retrieved-content isolation in the prompt structure
* Restrict the model to read-only tool surfaces
* Add strict output schema validation at every model boundary
* Build the injection-attempt test suite
* Log and alert on suspected injection patterns

_BRD reference: BRD S16, BR-04_","Highest","Planner","5","epic-aip","phase-2-ai-planner","ai","security",""
"Epic","387","","Availability, Booking & Payments","Availability, Booking & Payments","Where a plan becomes a commitment and money becomes involved. Snapshots, idempotency and reconciliation are non-negotiable here.

*Phase:* Phase 3 - Booking
*Stories in this epic:* 12","High","Booking","","epic-bkg","phase-3-booking","","",""
"Story","388","387","","Implement the three booking modes","Instant confirm, request to book and inquiry only - with the mode visible before the traveller commits to anything.

*Acceptance criteria*
* A business can configure each experience as instant confirm, request to book or inquiry only.
* The mode is shown to the traveller before any commitment step.
* Instant confirm is only selectable when the business maintains authoritative capacity.
* The product keeps a clear distinction between a suggestion, a request and a confirmed booking.

*Subtasks*
* Add the booking-mode field and its business-side editor
* Gate instant confirm on authoritative-capacity configuration
* Surface the mode on listing, itinerary and checkout
* Implement the three distinct commitment flows

_BRD reference: FR-040, BR-07, BR-25_","Highest","Booking","5","epic-bkg","phase-3-booking","booking","",""
"Story","393","387","","Implement overbooking prevention with database-level guarantees","Two travellers clicking at the same second must not both get the last place. Enforce it in Postgres, not in application logic.

*Acceptance criteria*
* Concurrent booking attempts on the last slot produce exactly one success.
* Capacity is enforced by a transactional check or an EXCLUDE constraint, not by a read-then-write.
* A concurrency test with parallel requests proves no oversell.
* Failure to secure capacity returns a clear, actionable message.

*Subtasks*
* Implement the capacity constraint with btree_gist EXCLUDE where applicable
* Implement the transactional hold-then-commit path
* Write the parallel-request concurrency test
* Implement hold expiry for abandoned checkouts
* Build the capacity-unavailable user messaging

_BRD reference: FR-041, BR-07_","Highest","Booking","8","epic-bkg","phase-3-booking","booking","database",""
"Story","399","387","","Implement the booking state machine","Draft, pending, confirmed, rejected, cancelled, completed, refunded - with invalid transitions blocked and every move audited.

*Acceptance criteria*
* All seven states exist and every transition is explicitly allowed or blocked.
* An invalid transition raises an error and changes nothing.
* Every transition records actor, timestamp, reason and correlation ID.
* The state timeline is visible to the traveller, the business and admin.

*Subtasks*
* Define the state machine and its transition table
* Implement transition guards at the service layer
* Implement the booking audit timeline
* Write exhaustive transition tests including every blocked path
* Build the timeline UI component shared across surfaces

_BRD reference: FR-043, AC-11, BR-25_","Highest","Booking","8","epic-bkg","phase-3-booking","booking","",""
"Story","405","387","","Implement price and policy snapshots","A booking freezes the price and the cancellation policy as they were at the moment of commitment.

*Acceptance criteria*
* A booking stores an immutable snapshot of price components and cancellation policy.
* A later price or policy change by the business does not affect an existing booking.
* The snapshot is what the confirmation, the refund calculation and any dispute reference.
* A test proves a policy edit after booking leaves the booking's terms unchanged.

*Subtasks*
* Model the snapshot structures as immutable JSON columns
* Capture snapshots at the commitment transaction
* Use the snapshot in confirmation rendering and refund computation
* Write the post-booking-edit immutability test

_BRD reference: FR-042, BR-12, AC-11_","Highest","Booking","5","epic-bkg","phase-3-booking","booking","trust",""
"Story","410","387","","Build the checkout flow","From listing or itinerary to a committed booking, with party size, date, price and policy all confirmed before money is discussed.

*Acceptance criteria*
* A user can book from a listing page and from within an itinerary.
* Checkout captures party size, date and time, and shows the price and policy before commitment.
* A payment request is created only after the backend validates price, availability and booking state.
* The flow works at 390px and in all three languages.

*Subtasks*
* Build the checkout screens for all three booking modes
* Implement server-side pre-payment validation
* Implement the booking draft and hold lifecycle
* Build the review-and-confirm step with the full breakdown
* Localise and RTL-test the checkout flow

_BRD reference: FR-042, FR-044, AC-11_","Highest","Booking","8","epic-bkg","phase-3-booking","booking","traveller",""
"Story","416","387","","Build the payment provider abstraction","Lebanon is not a supported Stripe country. Stripe test mode can carry the academic demo, but the interface has to assume it will be replaced.

*Acceptance criteria*
* Payments go through a provider interface; no Stripe type appears in domain code.
* Provider-specific identifiers are stored separately from business booking identifiers.
* A second provider can be added without changing the booking service.
* The production-provider decision and its constraints are documented for the pilot phase.

*Subtasks*
* Define the payment provider interface and domain types
* Implement the Stripe test-mode adapter
* Separate provider references from booking references in the schema
* Write a stub second adapter proving the abstraction holds
* Document the Lebanon payment-provider constraint and candidate options

_BRD reference: FR-045, BRD S26_","Highest","Booking","8","epic-bkg","phase-3-booking","payments","architecture",""
"Story","422","387","","Implement webhook verification and reconciliation","Payment succeeded does not mean booking confirmed. The two have to be reconciled, and the webhook has to be proven genuine.

*Acceptance criteria*
* Webhook signatures are verified; unverified payloads are rejected and logged.
* Webhook handling is idempotent - a replayed event changes nothing twice.
* A payment success with a failed booking is detected and resolved by reconciliation.
* Mismatches appear in an operations queue rather than failing silently.

*Subtasks*
* Implement signature verification for the Stripe adapter
* Implement idempotent webhook processing with an event log
* Build the reconciliation job for payment and booking mismatches
* Build the operations reconciliation queue
* Write replay and mismatch tests

_BRD reference: FR-045, FR-048, BR-14, AC-12_","Highest","Booking","8","epic-bkg","phase-3-booking","payments","security",""
"Story","428","387","","Implement idempotency across booking and payment writes","A double-click, a retry or a flaky network must not produce two reservations or two charges.

*Acceptance criteria*
* Booking and payment operations accept and enforce an idempotency key.
* A repeated request with the same key returns the original result without a second side effect.
* Keys expire on a documented schedule.
* A test simulates duplicate submission and asserts a single booking and a single charge.

*Subtasks*
* Add the idempotency key store with TTL
* Enforce idempotency in the booking commitment endpoint
* Enforce idempotency in the payment intent endpoint
* Write duplicate-submission tests for both paths

_BRD reference: BR-13, FR-048_","Highest","Booking","5","epic-bkg","phase-3-booking","booking","payments",""
"Story","433","387","","Implement the outbox pattern for reliable side effects","A booking confirmation must not be lost because an email provider was down at the wrong moment.

*Acceptance criteria*
* Side effects are written to an outbox in the same transaction as the state change.
* A worker publishes outbox entries with retry and backoff.
* A failed side effect never rolls back or duplicates the business transaction.
* Outbox depth and failure rate are observable.

*Subtasks*
* Implement the outbox table and transactional write
* Build the outbox publisher worker with retry and dead-lettering
* Wire booking events into the outbox
* Add outbox depth and failure metrics to monitoring

_BRD reference: FR-080, FR-083, migration 004_","High","Booking","5","epic-bkg","phase-3-booking","booking","architecture",""
"Story","438","387","","Implement cancellation and refund eligibility","Eligibility is computed from the policy snapshot on the booking, not from whatever the policy says today.

*Acceptance criteria*
* Cancellation eligibility and any refund amount are computed from the booking's policy snapshot.
* A traveller sees the exact consequence before confirming a cancellation.
* A business cancellation requires a reason and triggers the refund or alternative workflow.
* Refund state is reflected in the booking state machine and in notifications.

*Subtasks*
* Implement the policy evaluation engine over snapshots
* Build the traveller cancellation flow with consequence preview
* Build the business cancellation flow with reason capture
* Implement refund initiation through the provider interface
* Write policy-evaluation tests across the full window matrix

_BRD reference: FR-047, BR-16, BR-15_","High","Booking","8","epic-bkg","phase-3-booking","booking","payments",""
"Story","444","387","","Build booking confirmations","An itemised confirmation generated from persisted data, in the user's language.

*Acceptance criteria*
* The confirmation itemises the booking, the price breakdown and the policies.
* It is generated from persisted booking and payment records, never from generated text.
* It is delivered by email and in-app and is retrievable later from the bookings list.
* It renders correctly in Arabic RTL.

*Subtasks*
* Build the confirmation document template in three languages
* Generate confirmations from persisted records only
* Deliver by email and in-app through the outbox
* Make confirmations retrievable from the bookings list

_BRD reference: FR-046, AC-11_","Highest","Booking","3","epic-bkg","phase-3-booking","booking","notifications",""
"Story","449","387","","Prove that failed payments never produce confirmed bookings","The specific failure the BRD calls out: a timed-out or failed payment must not leave a confirmed paid booking behind.

*Acceptance criteria*
* A failed payment leaves the booking unconfirmed and the capacity released.
* A timed-out payment resolves deterministically through reconciliation.
* No code path can confirm a booking without a verified successful payment for paid inventory.
* Fault-injection tests cover failure, timeout and late-success cases.

*Subtasks*
* Write the fault-injection harness for payment outcomes
* Test the failed-payment path end to end
* Test the timeout-then-late-success path
* Verify capacity release on every failure path

_BRD reference: FR-048, AC-12, BR-14_","Highest","Booking","5","epic-bkg","phase-3-booking","payments","testing",""
"Epic","454","","Notifications & Messaging","Notifications & Messaging","Transactional messages that are triggered by persisted events, retryable, observable, and kept strictly separate from marketing.

*Phase:* Phase 3 - Booking
*Stories in this epic:* 5","High","Platform","","epic-ntf","phase-3-booking","","",""
"Story","455","454","","Build the notification service and channel abstraction","One service, multiple channels, every message driven by a persisted event.

*Acceptance criteria*
* Notifications are triggered by persisted events through the outbox, never fired inline.
* Email and in-app channels are implemented behind a shared interface.
* Delivery attempts, failures and retries are recorded per notification.
* A failed delivery never duplicates the underlying booking or payment action.

*Subtasks*
* Define the notification event taxonomy
* Implement the notification service and channel interface
* Implement the email adapter with templating
* Implement the in-app notification store and feed
* Record delivery attempts and outcomes

_BRD reference: FR-080, FR-083_","High","Platform","5","epic-ntf","phase-3-booking","notifications","architecture",""
"Story","461","454","","Build traveller transactional notifications","Booking requested, confirmed, rejected, cancelled, payment status and material itinerary changes.

*Acceptance criteria*
* Each listed event produces a notification in the user's language.
* Every notification links directly to the relevant booking or trip.
* Material itinerary changes made by the platform are notified, not silently applied.
* Users can see the full notification history at /notifications.

*Subtasks*
* Build templates for each traveller event in three languages
* Wire booking lifecycle events to notifications
* Implement the material-change detection for itineraries
* Build the in-app notification feed with read state

_BRD reference: FR-080_","High","Platform","5","epic-ntf","phase-3-booking","notifications","traveller",""
"Story","466","454","","Build business notifications","A new request that sits unanswered is lost revenue, so the business hears about it immediately and can act in one click.

*Acceptance criteria*
* A business is notified of new booking requests and other time-sensitive actions.
* Every notification contains a direct link to the relevant booking.
* Notification preferences are configurable per staff role.
* An unanswered request escalates on a configurable schedule.

*Subtasks*
* Build business notification templates
* Wire request events to business notifications with deep links
* Implement per-role notification preferences
* Implement the unanswered-request escalation

_BRD reference: FR-081_","High","Platform","3","epic-ntf","phase-3-booking","notifications","business",""
"Story","471","454","","Separate marketing from transactional communication","A user can opt out of marketing and still receive the email that tells them their booking was rejected.

*Acceptance criteria*
* Marketing and transactional messages use separate consent flags.
* Opting out of marketing never suppresses a transactional message.
* Consent state and its change history are stored per user.
* Every marketing message carries a working unsubscribe.

*Subtasks*
* Model marketing and transactional consent separately
* Build the communication preferences screen
* Enforce the consent check at send time
* Implement unsubscribe handling and its audit trail

_BRD reference: FR-082_","High","Platform","3","epic-ntf","phase-3-booking","notifications","privacy",""
"Story","476","454","","Make notification delivery observable and retryable","Failures should be visible in a dashboard, not discovered by a complaining customer.

*Acceptance criteria*
* Delivery failures are visible in the admin health dashboard.
* Failed notifications retry with backoff and dead-letter after a documented limit.
* Retrying a notification never repeats the booking or payment action behind it.
* Delivery rate and failure rate are tracked per channel.

*Subtasks*
* Implement retry with exponential backoff and dead-lettering
* Build the notification health panel in admin
* Add per-channel delivery metrics
* Implement manual resend from admin with an audit entry

_BRD reference: FR-083_","Medium","Platform","3","epic-ntf","phase-3-booking","notifications","observability",""
"Epic","481","","Group Planning, Favorites & Reviews","Group Planning, Favorites & Reviews","The social layer: share a trip, collect votes, and let people who actually went write about it. Reviews are moderated for abuse but never rewritten.

*Phase:* Phase 4 - Group + Weather
*Stories in this epic:* 6","High","Traveller","","epic-grp","phase-4-group-weather","","",""
"Story","482","481","","Build shareable group-planning links with roles","A trip owner shares one link, and the link itself decides whether the recipient can look, vote or edit.

*Acceptance criteria*
* A trip owner can create a shareable link with a view, vote or edit permission.
* A participant can join without creating an account when the link permits it.
* The owner can revoke a link and see who has joined.
* Permissions are enforced server-side, not just hidden in the UI.

*Subtasks*
* Model share links, permissions and participants
* Implement link creation, revocation and expiry
* Implement the guest participation path with a session identity
* Build the share dialog and the participants panel
* Write permission enforcement tests per role

_BRD reference: FR-050, AC-08_","High","Traveller","8","epic-grp","phase-4-group-weather","group","traveller",""
"Story","488","481","","Implement participant voting","Participants vote on suggested experiences and categories, and can change their mind until the trip is locked.

*Acceptance criteria*
* Participants can vote on suggested experiences and categories.
* Votes are attributed to a participant or session and can be updated until the trip is locked.
* Vote counts update for everyone without a manual refresh.
* Locking the trip closes voting and states who locked it and when.

*Subtasks*
* Model votes with participant attribution
* Build the voting UI on the group trip page
* Implement vote updates and the tally
* Implement trip locking and its effect on voting
* Add polling or live updates for the tally

_BRD reference: FR-051, AC-08_","High","Traveller","5","epic-grp","phase-4-group-weather","group","traveller",""
"Story","494","481","","Build the group recommendation summary","Summarise where the group agrees and where it does not, without exposing anything a participant did not agree to share.

*Acceptance criteria*
* The summary reports agreement, disagreement and the main trade-offs.
* No participant's private preference is shown beyond what they agreed to share.
* The summary is derived from recorded votes and shared preferences only.
* The summary updates as votes change.

*Subtasks*
* Define the group-fit scoring across participant preferences
* Implement the privacy filter over participant data
* Build the agreement summary component
* Write tests asserting unshared preferences never appear

_BRD reference: FR-052_","Medium","Traveller","5","epic-grp","phase-4-group-weather","group","ai",""
"Story","499","481","","Implement review eligibility and submission","Only people who actually had the interaction can review it, and each of them only once.

*Acceptance criteria*
* A review can only be submitted after a completed or confirmed qualifying interaction.
* Eligibility is enforced server-side and duplicate reviews are prevented.
* Every review is attributable to a real account and a specific eligibility event.
* Reviews can be reported and moderated for abuse but never edited by the platform.

*Subtasks*
* Model reviews with their eligibility event reference
* Implement the eligibility check and duplicate prevention
* Build the review submission form with rating dimensions
* Build the review display with verified-stay indication
* Implement review reporting into the moderation queue

_BRD reference: FR-054, BR-11, AC-10_","High","Traveller","8","epic-grp","phase-4-group-weather","reviews","trust",""
"Story","505","481","","Implement business responses to reviews","A business gets a right of reply, and no ability to make a review disappear.

*Acceptance criteria*
* A business can publicly respond to a review once.
* A business cannot edit, hide or delete a legitimate review.
* Responses are subject to the same moderation policy as reviews.
* The response is shown beneath the review with a clear business label.

*Subtasks*
* Model review responses
* Build the respond control in the business portal
* Enforce the one-response and no-edit rules
* Route responses through moderation

_BRD reference: FR-055, BR-11_","Medium","Traveller","3","epic-grp","phase-4-group-weather","reviews","business",""
"Story","510","481","","Build review aggregation and display","Ratings that roll up honestly, including the distribution rather than just the average.

*Acceptance criteria*
* Listing pages show the average rating, the count and the distribution.
* Aggregates recompute when a review is added, hidden or restored.
* A listing with too few reviews says so rather than showing a misleading average.
* Hidden reviews are excluded from aggregates but retained for audit.

*Subtasks*
* Implement the aggregation with incremental recompute
* Build the rating summary component with distribution
* Implement the low-sample display rule
* Write tests covering hide, restore and recompute

_BRD reference: FR-054, BR-01_","Medium","Traveller","3","epic-grp","phase-4-group-weather","reviews","catalogue",""
"Epic","515","","Localization, RTL & Accessibility","Localization, RTL & Accessibility","Arabic, English and French as first-class languages, Arabic RTL that actually works, and a product usable by keyboard and screen reader. This is treated as a delivery gate, not a polish pass.

*Phase:* Cross-cutting
*Stories in this epic:* 4","High","Design","","epic-i18n","cross-cutting","","",""
"Story","516","515","","Build the translation workflow and message catalogues","One place where strings live, with a process that catches a missing translation before a user does.

*Acceptance criteria*
* All user-facing strings come from message catalogues; no hardcoded copy ships.
* Missing keys fail the build rather than falling back silently in production.
* Pluralisation, date, number and currency formatting are locale-aware.
* Translator handoff and review are documented.

*Subtasks*
* Set up the catalogue structure and key naming convention
* Add a CI check for hardcoded strings and missing keys
* Implement locale-aware date, number and currency formatting
* Write the translation contribution guide
* Complete the English, Arabic and French catalogues for MVP screens

_BRD reference: FR-005, AC-16_","Highest","Design","5","epic-i18n","cross-cutting","i18n","",""
"Story","522","515","","Make Arabic RTL correct across every surface","Direction is not a stylesheet flip. Icons, drawers, progress, charts, maps and form affordances all need checking.

*Acceptance criteria*
* Every MVP screen renders correctly in RTL at 390px and 1440px.
* Directional icons, drawers, carousels and progress indicators mirror correctly.
* No component uses physical left/right where logical properties are needed.
* Mixed-direction content - Arabic text with Latin place names or numbers - renders without bidi corruption.

*Subtasks*
* Audit and convert physical CSS properties to logical properties
* Fix directional icon and navigation mirroring
* Handle bidi isolation for mixed-direction strings
* Capture RTL visual snapshots for every MVP screen
* Test the map, charts and date pickers specifically in RTL

_BRD reference: FR-005, AC-16_","Highest","Design","8","epic-i18n","cross-cutting","i18n","rtl",""
"Story","528","515","","Handle Lebanese Arabic in AI input","People will not type Modern Standard Arabic into the planner. The intent extractor has to cope with how Lebanese Arabic is actually written, including Arabizi.

*Acceptance criteria*
* The intent extractor handles Lebanese dialect phrasing and Latin-script Arabizi.
* A dialect evaluation set is part of the automated test suite.
* Extraction accuracy on the dialect set meets the agreed threshold before release.
* Unrecognised phrasing asks for clarification rather than guessing.

*Subtasks*
* Build the Lebanese Arabic and Arabizi evaluation set
* Tune the extraction prompt with dialect examples
* Add the dialect evaluation to CI with a pass threshold
* Implement the low-confidence clarification path

_BRD reference: FR-020, AC-16_","High","Design","5","epic-i18n","cross-cutting","i18n","ai",""
"Story","533","515","","Meet WCAG 2.2 AA across the MVP screens","Keyboard operability, visible focus, correct semantics and adequate contrast - verified, not assumed.

*Acceptance criteria*
* Every interactive element is reachable and operable by keyboard with a visible focus indicator.
* Colour contrast meets 4.5:1 for text and 3:1 for control boundaries.
* Forms have programmatic labels, error association and clear error text.
* Automated axe checks run in CI and a manual screen-reader pass covers the booking flow.

*Subtasks*
* Add automated axe-core checks to component and page tests
* Fix keyboard traps and focus-order problems
* Add labels, descriptions and error associations to all forms
* Implement skip links and landmark structure
* Run and document a manual screen-reader pass on the booking flow

_BRD reference: Package review findings_","High","Design","8","epic-i18n","cross-cutting","accessibility","",""
"Epic","539","","Security, Privacy & Trust","Security, Privacy & Trust","The controls that make the marketplace safe to transact in: authorisation everywhere, auditing of anything consequential, and no secret or personal record leaking into a log.

*Phase:* Cross-cutting
*Stories in this epic:* 7","High","Platform","","epic-sec","cross-cutting","","",""
"Story","540","539","","Implement authorisation checks on every endpoint","Every endpoint answers who is asking and what they are allowed to touch, with no reliance on an unguessable ID.

*Acceptance criteria*
* Every endpoint enforces authentication and object-level authorisation.
* No endpoint relies on an opaque identifier as its only protection.
* Automated tests attempt cross-user and cross-org access on every resource type.
* Authorisation failures return a consistent response that does not leak existence.

*Subtasks*
* Define the permission model and its enforcement helper
* Audit and guard every existing endpoint
* Write the automated IDOR test suite across resource types
* Standardise the authorisation failure response

_BRD reference: BR-21, FR-073_","Highest","Platform","8","epic-sec","cross-cutting","security","",""
"Story","545","539","","Build the audit log","Anything consequential - verification, moderation, financial overrides, configuration - leaves a record of who, what, when and why.

*Acceptance criteria*
* Consequential actions write an audit entry with actor, action, target, reason and timestamp.
* Audit entries are append-only and cannot be edited or deleted from the application.
* Admin can search and filter the audit log.
* Audit coverage is asserted by tests for each consequential action type.

*Subtasks*
* Design the append-only audit schema
* Implement the audit-write helper and apply it at each call site
* Build the admin audit log search screen
* Write coverage tests asserting each action type audits

_BRD reference: FR-070, BR-20, FR-073_","Highest","Platform","5","epic-sec","cross-cutting","security","admin",""
"Story","550","539","","Implement rate limiting and abuse controls","Protect sign-in, password reset, search, AI generation and booking from volume abuse and from cost blowout.

*Acceptance criteria*
* Authentication, reset, search, AI generation and booking endpoints are rate limited.
* Limits differ per endpoint and per authentication state.
* Exceeded limits return a clear, non-leaking response with a retry hint.
* AI generation has a per-user and per-day cost ceiling.

*Subtasks*
* Implement the rate-limiting middleware with a shared store
* Configure per-endpoint limits and document them
* Implement the AI generation cost ceiling and its user messaging
* Add rate-limit metrics and alerting

_BRD reference: FR-001, BRD S16_","High","Platform","5","epic-sec","cross-cutting","security","",""
"Story","555","539","","Prevent secrets and personal data reaching logs","Logs and error reports carry correlation IDs, never tokens, card references or personal records.

*Acceptance criteria*
* No secret, token or payment identifier appears in any log or error report.
* Personal data in logs is minimised and redacted by a shared scrubber.
* Every request carries a correlation ID through logs, traces and Sentry.
* An automated test asserts the scrubber removes each sensitive field class.

*Subtasks*
* Implement the log scrubber with a sensitive-field registry
* Configure Sentry beforeSend scrubbing
* Implement correlation ID propagation across web and API
* Write scrubber tests for every sensitive field class

_BRD reference: AC-15_","Highest","Platform","3","epic-sec","cross-cutting","security","observability",""
"Story","560","539","","Harden file upload and media handling","Images and verification documents are untrusted input until proven otherwise.

*Acceptance criteria*
* Uploads are validated by content type and by actual content, not by file extension.
* Verification documents are stored privately and served only through short-lived signed URLs.
* Image processing runs through ImageKit rather than in the application process.
* Upload size and rate are limited per organisation.

*Subtasks*
* Implement server-side content validation for uploads
* Configure private storage and signed URL issuance for documents
* Configure ImageKit transformations and delivery
* Add upload size and rate limits

_BRD reference: FR-062, FR-060_","High","Platform","3","epic-sec","cross-cutting","security","media",""
"Story","565","539","","Write the privacy policy, terms and consent flows","The public trust pages and the consent points that make personalisation lawful and reversible.

*Acceptance criteria*
* Privacy policy, terms of service, cancellation policy and community guidelines are published.
* Consent for personalisation and for marketing is captured separately and is revocable.
* Cookie consent defaults to the privacy-preserving option.
* The trust pages are available in all three languages.

*Subtasks*
* Draft the policy documents with the required Lebanon-specific content
* Build the trust and policy pages
* Implement the consent capture and revocation flows
* Implement cookie consent defaulting to essential only

_BRD reference: BR-22, BRD S16_","High","Platform","5","epic-sec","cross-cutting","privacy","legal",""
"Story","570","539","","Run a pre-pilot security review","Before real businesses and real travellers, run a structured review against the controls this epic built.

*Acceptance criteria*
* A threat model covering the three surfaces is documented.
* A dependency and container vulnerability scan runs in CI and is clean of criticals.
* A penetration test or structured internal review is completed with findings tracked.
* All critical and high findings are resolved or formally accepted before pilot.

*Subtasks*
* Write the threat model for traveller, business and admin surfaces
* Add dependency and container scanning to CI
* Run the structured security review and log findings as issues
* Track findings to resolution or documented acceptance

_BRD reference: Phase 5, BRD S16_","Medium","Platform","5","epic-sec","cross-cutting","security","phase-5",""
"Epic","575","","Quality, Testing & Evaluation","Quality, Testing & Evaluation","The BRD names automated coverage of auth, trip-generation validation, booking and payment transitions as an MVP acceptance criterion. This epic makes that real, and adds the AI-specific evaluation that ordinary tests cannot provide.

*Phase:* Cross-cutting
*Stories in this epic:* 8","High","Platform","","epic-qa","cross-cutting","","",""
"Story","576","575","","Establish the test strategy and pyramid","Agree what is tested where, so the suite stays fast and the gaps are deliberate.

*Acceptance criteria*
* The test strategy document defines unit, integration, end-to-end and evaluation layers.
* Coverage targets are set per layer and per critical path.
* Test data management and fixtures are standardised.
* The full suite runs in under ten minutes in CI.

*Subtasks*
* Write the test strategy document
* Set up the test database and fixture factories
* Configure the CI test matrix and parallelism
* Define and enforce coverage targets on critical paths

_BRD reference: BRD S24, AC-14_","High","Platform","3","epic-qa","cross-cutting","testing","",""
"Story","581","575","","Cover the authentication paths with automated tests","One of the four paths the MVP acceptance criteria name explicitly.

*Acceptance criteria*
* Registration, sign-in, sign-out, recovery and session expiry are covered end to end.
* Negative cases - wrong password, expired token, reused reset token - are covered.
* Account enumeration resistance is asserted by test.
* The suite runs on every pull request.

*Subtasks*
* Write unit tests for the credential and session services
* Write integration tests for every auth endpoint
* Write end-to-end tests for the sign-in and recovery journeys
* Assert enumeration resistance and rate limiting

_BRD reference: AC-14, FR-001_","Highest","Platform","5","epic-qa","cross-cutting","testing","auth",""
"Story","586","575","","Cover trip-generation validation with automated tests","Prove the planner never produces an infeasible plan, and never invents an entity.

*Acceptance criteria*
* Every generated stop is asserted to resolve to a real, active entity ID.
* Hard-constraint satisfaction is asserted for budget, hours, duration, group size and return time.
* The infeasible case is asserted to report infeasibility rather than degrade silently.
* The itinerary total is asserted to equal the database-computed sum.

*Subtasks*
* Build the planner test harness with deterministic fixtures
* Write entity-integrity assertions over generated plans
* Write the constraint-satisfaction test matrix
* Write the infeasibility reporting tests
* Write the total-integrity test

_BRD reference: AC-14, AC-04_","Highest","Platform","8","epic-qa","cross-cutting","testing","planner",""
"Story","592","575","","Cover booking and payment state transitions with automated tests","The fourth named path, and the one with money attached.

*Acceptance criteria*
* Every allowed transition is tested and every blocked transition is asserted to fail.
* Concurrency, idempotency and overbooking are covered by dedicated tests.
* Payment failure, timeout and late-success paths are covered by fault injection.
* Reconciliation is covered including the mismatch case.

*Subtasks*
* Write the exhaustive state-transition test suite
* Write the concurrency and idempotency tests
* Write the payment fault-injection tests
* Write the reconciliation tests including mismatch resolution

_BRD reference: AC-14, AC-11, FR-048_","Highest","Platform","8","epic-qa","cross-cutting","testing","booking",""
"Story","597","575","","Build the AI evaluation suite","Model behaviour needs evaluation sets and thresholds, because a unit test cannot tell you the extractor got worse.

*Acceptance criteria*
* An evaluation set covers intent extraction across Arabic, Lebanese Arabic, English and French.
* Grounding is evaluated - no explanation may reference an entity or fact not retrieved.
* Evaluation runs in CI with a pass threshold and blocks regression.
* Results are tracked over time so prompt changes can be compared.

*Subtasks*
* Build the intent extraction evaluation set with expected outputs
* Build the grounding and hallucination evaluation
* Implement the evaluation runner with thresholds
* Wire evaluation into CI as a gate
* Build the evaluation result history report

_BRD reference: AC-16, FR-020, BRD S24_","High","Platform","8","epic-qa","cross-cutting","testing","ai",""
"Story","603","575","","Build end-to-end journey tests","The three journeys that matter, driven through a real browser in all three languages.

*Acceptance criteria*
* The traveller journey from search to confirmed booking passes end to end.
* The business journey from registration to responding to a request passes end to end.
* The admin journey from verification queue to approved business passes end to end.
* Each journey runs at 390px and 1440px and at least once in Arabic RTL.

*Subtasks*
* Set up Playwright with the three-locale and two-viewport matrix
* Write the traveller booking journey test
* Write the business onboarding and response journey test
* Write the admin verification journey test
* Add visual regression snapshots for key screens

_BRD reference: BRD S9, S24_","High","Platform","5","epic-qa","cross-cutting","testing","",""
"Story","609","575","","Run performance and load testing","Find out where it breaks before the pilot does.

*Acceptance criteria*
* Response-time targets are defined per endpoint class and asserted under load.
* Planner generation time is measured and meets the agreed budget at the 95th percentile.
* Database query performance is profiled and the slow queries are indexed.
* Load test results and the identified ceiling are documented.

*Subtasks*
* Define performance budgets per endpoint class
* Build the load test scenarios for search, planning and booking
* Profile and index the slow queries
* Run the load test and document the capacity ceiling
* Add Core Web Vitals monitoring to the frontend

_BRD reference: BRD S15_","Medium","Platform","5","epic-qa","cross-cutting","testing","performance",""
"Story","615","575","","Run user acceptance testing against the MVP criteria","Walk the sixteen acceptance criteria with real users and record the result of each one.

*Acceptance criteria*
* Each of the sixteen MVP acceptance criteria has a written test script and a recorded result.
* UAT is run with participants covering all three languages.
* Defects found are logged, triaged and linked to the criterion they failed.
* Sign-off records which criteria passed, which were waived and why.

*Subtasks*
* Write the UAT script for each acceptance criterion
* Recruit participants across the three languages
* Run the UAT sessions and record results
* Triage and track the defects found
* Produce the sign-off record

_BRD reference: AC-01 to AC-16_","Medium","Platform","5","epic-qa","cross-cutting","testing","phase-5",""
"Epic","621","","Observability, DevOps & Production Pilot","Observability, DevOps & Production Pilot","Everything needed to run this in front of real businesses: monitoring that tells you what broke, runbooks for when it does, and the commercial and legal decisions the pilot cannot start without.

*Phase:* Phase 5 - Production Pilot
*Stories in this epic:* 9","High","Platform","","epic-ops","phase-5-pilot","","",""
"Story","622","621","","Integrate Sentry and structured logging","Errors reach a dashboard with enough context to diagnose them and nothing that should not be there.

*Acceptance criteria*
* Sentry captures frontend and backend errors in every deployed environment.
* A deliberately triggered test error is captured and visible.
* Logs are structured, carry a correlation ID and contain no secrets.
* Error volume and new-issue rate are alerted on.

*Subtasks*
* Integrate Sentry in the web app and the API
* Configure release tagging and source maps
* Implement structured logging with correlation IDs
* Verify the controlled test-error capture
* Configure error rate alerting

_BRD reference: AC-15, BRD S25_","Highest","Platform","3","epic-ops","phase-5-pilot","observability","",""
"Story","628","621","","Build application and business metrics dashboards","Separate views for is it up and is it working, because those are different questions.

*Acceptance criteria*
* Infrastructure and application health metrics are dashboarded with alert thresholds.
* Business metrics - bookings, plan generations, conversion - are dashboarded separately.
* External provider latency and error rates are tracked per provider.
* AI provider cost per day and per plan is tracked against budget.

*Subtasks*
* Instrument the API with request, latency and error metrics
* Build the infrastructure health dashboard with alerts
* Build the business metrics dashboard
* Track external provider latency, errors and cost
* Set up the on-call alert routing

_BRD reference: BRD S19, S25_","High","Platform","5","epic-ops","phase-5-pilot","observability","",""
"Story","634","621","","Implement backup, restore and disaster recovery","A backup that has never been restored is not a backup.

*Acceptance criteria*
* Automated database backups run on a documented schedule with a stated retention.
* Point-in-time recovery is available and its window is documented.
* A restore drill is performed and the time to recover is recorded.
* RPO and RTO targets are agreed and documented.

*Subtasks*
* Configure automated backups and retention
* Enable and verify point-in-time recovery
* Run a full restore drill into a scratch environment
* Document RPO, RTO and the restore runbook

_BRD reference: BRD S25_","Highest","Platform","5","epic-ops","phase-5-pilot","devops","data",""
"Story","639","621","","Write the operational runbooks","The documents someone reads at 2am: what to do when the planner fails, when payments mismatch, when a provider is down.

*Acceptance criteria*
* Runbooks exist for AI provider outage, payment provider outage, routing outage and database incident.
* Each runbook names the detection signal, the immediate mitigation and the escalation path.
* The reconciliation runbook covers the payment and booking mismatch queue.
* Runbooks are reviewed after each incident.

*Subtasks*
* Write the AI provider outage runbook
* Write the payment and reconciliation runbook
* Write the routing and maps outage runbook
* Write the database incident and restore runbook
* Define the incident review process

_BRD reference: BRD S25, S18_","Medium","Platform","3","epic-ops","phase-5-pilot","devops","support",""
"Story","645","621","","Decide and document the production payment provider","Stripe covers the demo. It does not cover Lebanon in production. This decision gates the pilot and needs to be made with the abstraction already in place.

*Acceptance criteria*
* Candidate providers and local acquiring options for Lebanon are evaluated and compared.
* The commercial, legal and technical constraints of each are documented.
* A decision is recorded with its rationale and its implementation cost.
* The chosen provider is validated against the existing payment abstraction.

*Subtasks*
* Research payment providers and acquiring options available for Lebanon
* Document fees, settlement, currency and compliance constraints per option
* Evaluate the fit against the existing provider interface
* Record the decision and the implementation plan

_BRD reference: BRD S26, FR-045_","Highest","Platform","5","epic-ops","phase-5-pilot","payments","phase-5","legal"
"Story","650","621","","Prepare the legal and policy foundation for the pilot","Business terms, traveller terms, cancellation and refund policy, and the data-protection position - in place before the first real transaction.

*Acceptance criteria*
* Business partner terms and traveller terms of service are drafted and reviewed.
* The platform cancellation and refund policy is published and matches what the code enforces.
* The data-protection position and retention schedule are documented.
* Policy documents exist in all three languages.

*Subtasks*
* Draft the business partner agreement
* Draft the traveller terms of service
* Publish the cancellation and refund policy and reconcile it with the code
* Document the data protection position and retention schedule
* Translate the policy set into Arabic and French

_BRD reference: Phase 5, BRD S17_","High","Platform","5","epic-ops","phase-5-pilot","legal","phase-5",""
"Story","656","621","","Build the partner onboarding programme","Getting the first real businesses on is a process, not a signup form: outreach, data collection, training and a support path.

*Acceptance criteria*
* An onboarding playbook covers outreach, verification, listing setup and training.
* Business-facing help content and a getting-started guide are published.
* A named support path exists with a response-time commitment.
* Pilot partner targets and success measures are agreed.

*Subtasks*
* Write the partner onboarding playbook
* Build the business help centre content
* Define the support channel and its response commitment
* Agree pilot partner targets and success measures
* Run onboarding with the first pilot cohort

_BRD reference: Phase 5, AC-09_","Medium","Platform","5","epic-ops","phase-5-pilot","phase-5","business",""
"Story","662","621","","Build the public help and trust surfaces","The help centre, contact, safety, about and policy pages that make an unfamiliar marketplace credible.

*Acceptance criteria*
* Help centre, contact, safety, about and policy pages are published.
* A traveller can find how cancellation works and how to reach support in two clicks from any page.
* All content exists in Arabic, English and French.
* Contact submissions land in the support case queue.

*Subtasks*
* Write the help centre articles for the common journeys
* Build the help centre with search
* Build the contact form wired to the support queue
* Build the safety, about and policy pages
* Translate all help and trust content

_BRD reference: Screen inventory, FR-076_","Medium","Platform","3","epic-ops","phase-5-pilot","content","trust",""
"Story","668","621","","Run the pilot readiness review and go-live","One structured gate covering acceptance criteria, security findings, runbooks, legal, payments and monitoring before real money moves.

*Acceptance criteria*
* All sixteen MVP acceptance criteria are demonstrated and signed off or explicitly waived.
* Security findings are closed or formally accepted.
* Runbooks, backups and monitoring are verified operational.
* A go or no-go decision is recorded with its conditions.

*Subtasks*
* Assemble the readiness checklist across all gates
* Run the acceptance criteria demonstration
* Verify monitoring, backups and runbooks operationally
* Hold the go or no-go review and record the decision
* Execute the go-live plan with a rollback path

_BRD reference: Phase 5, AC-01 to AC-16_","Medium","Platform","5","epic-ops","phase-5-pilot","phase-5","",""
