"Work type","Work item ID","Parent","Epic Name","Summary","Description","Priority","Component","Story Points","Labels","Labels","Labels","Labels","Labels"
"Epic","1","","Foundation & Platform Setup","Foundation & Platform Setup","Stand up the repo, environments, database and CI so every later epic has a place to land. Nothing in this epic is user-visible; everything after it depends on it.

*Phase:* Phase 0 - Foundation
*Stories in this epic:* 7","High","Platform","","epic-fnd","phase-0-foundation","","",""
"Story","2","1","","Set up the monorepo, package management and code standards","Create the repository layout for the Next.js frontend and FastAPI backend, with shared tooling, formatting and commit conventions so the two stacks stay consistent.

*Acceptance criteria*
* Repo contains a working `apps/web` (Next.js + TypeScript + Tailwind + shadcn/ui) and `services/api` (FastAPI + SQLAlchemy + Pydantic).
* A single command installs and runs both locally.
* Lint, format and type-check run clean on a fresh clone.
* README documents local setup end to end.

*Subtasks*
* Initialise Next.js 15 + TypeScript + Tailwind + shadcn/ui in apps/web
* Initialise FastAPI + SQLAlchemy 2.x + Pydantic v2 + Alembic in services/api
* Configure ESLint, Prettier, Ruff and mypy with agreed rule sets
* Add pre-commit hooks and Conventional Commits enforcement
* Write the root README with local setup, ports and env-var table

_BRD reference: Tech baseline S23_","Highest","Platform","5","epic-fnd","phase-0-foundation","phase-0","devex",""
"Sub-task","3","2","","Initialise Next.js 15 + TypeScript + Tailwind + shadcn/ui in apps/web","Subtask of: Set up the monorepo, package management and code standards

_Epic: Foundation & Platform Setup_","Highest","Platform","","epic-fnd","phase-0-foundation","","",""
"Sub-task","4","2","","Initialise FastAPI + SQLAlchemy 2.x + Pydantic v2 + Alembic in services/api","Subtask of: Set up the monorepo, package management and code standards

_Epic: Foundation & Platform Setup_","Highest","Platform","","epic-fnd","phase-0-foundation","","",""
"Sub-task","5","2","","Configure ESLint, Prettier, Ruff and mypy with agreed rule sets","Subtask of: Set up the monorepo, package management and code standards

_Epic: Foundation & Platform Setup_","Highest","Platform","","epic-fnd","phase-0-foundation","","",""
"Sub-task","6","2","","Add pre-commit hooks and Conventional Commits enforcement","Subtask of: Set up the monorepo, package management and code standards

_Epic: Foundation & Platform Setup_","Highest","Platform","","epic-fnd","phase-0-foundation","","",""
"Sub-task","7","2","","Write the root README with local setup, ports and env-var table","Subtask of: Set up the monorepo, package management and code standards

_Epic: Foundation & Platform Setup_","Highest","Platform","","epic-fnd","phase-0-foundation","","",""
"Story","8","1","","Provision PostgreSQL 17 with PostGIS, pgvector and btree_gist","Provision the database that the whole product assumes: relational core, geospatial queries for distance and routing inputs, vector search for RAG, and exclusion constraints for slot booking.

*Acceptance criteria*
* Local and staging databases run PostgreSQL 17 with postgis, pgvector and btree_gist enabled.
* Extension creation is part of a versioned migration, not a manual step.
* A smoke query proves each extension works (ST_DWithin, vector <-> operator, an EXCLUDE constraint).
* Connection pooling is configured and documented.

*Subtasks*
* Write migration 000 that creates the three extensions
* Add docker-compose service for Postgres 17 + PostGIS for local dev
* Configure SQLAlchemy engine, pooling and statement timeouts
* Add an extension smoke-test to the test suite
* Document the Supabase vs self-hosted decision and its trade-offs

_BRD reference: BRD 1.2, migrations 001-005_","Highest","Platform","5","epic-fnd","phase-0-foundation","phase-0","database",""
"Sub-task","9","8","","Write migration 000 that creates the three extensions","Subtask of: Provision PostgreSQL 17 with PostGIS, pgvector and btree_gist

_Epic: Foundation & Platform Setup_","Highest","Platform","","epic-fnd","phase-0-foundation","","",""
"Sub-task","10","8","","Add docker-compose service for Postgres 17 + PostGIS for local dev","Subtask of: Provision PostgreSQL 17 with PostGIS, pgvector and btree_gist

_Epic: Foundation & Platform Setup_","Highest","Platform","","epic-fnd","phase-0-foundation","","",""
"Sub-task","11","8","","Configure SQLAlchemy engine, pooling and statement timeouts","Subtask of: Provision PostgreSQL 17 with PostGIS, pgvector and btree_gist

_Epic: Foundation & Platform Setup_","Highest","Platform","","epic-fnd","phase-0-foundation","","",""
"Sub-task","12","8","","Add an extension smoke-test to the test suite","Subtask of: Provision PostgreSQL 17 with PostGIS, pgvector and btree_gist

_Epic: Foundation & Platform Setup_","Highest","Platform","","epic-fnd","phase-0-foundation","","",""
"Sub-task","13","8","","Document the Supabase vs self-hosted decision and its trade-offs","Subtask of: Provision PostgreSQL 17 with PostGIS, pgvector and btree_gist

_Epic: Foundation & Platform Setup_","Highest","Platform","","epic-fnd","phase-0-foundation","","",""
"Story","14","1","","Land the core schema migrations 001-005","Apply the five authored migrations (identity, catalogue, availability, booking/payment, AI/ops) and make them re-runnable from an empty database.

*Acceptance criteria*
* `alembic upgrade head` succeeds from an empty database with zero manual steps.
* `alembic downgrade base` runs clean, proving every migration is reversible.
* Every table has an owner, a primary key strategy and created_at/updated_at.
* Migration order has no forward references.

*Subtasks*
* Convert the five SQL files into ordered Alembic revisions
* Add downgrade paths for each revision
* Add a CI job that runs upgrade head then downgrade base on a scratch database
* Generate and commit an ERD from the live schema
* Document the entity model in the repo wiki

_BRD reference: BRD S13, migrations 001-005_","Highest","Platform","8","epic-fnd","phase-0-foundation","phase-0","database",""
"Sub-task","15","14","","Convert the five SQL files into ordered Alembic revisions","Subtask of: Land the core schema migrations 001-005

_Epic: Foundation & Platform Setup_","Highest","Platform","","epic-fnd","phase-0-foundation","","",""
"Sub-task","16","14","","Add downgrade paths for each revision","Subtask of: Land the core schema migrations 001-005

_Epic: Foundation & Platform Setup_","Highest","Platform","","epic-fnd","phase-0-foundation","","",""
"Sub-task","17","14","","Add a CI job that runs upgrade head then downgrade base on a scratch database","Subtask of: Land the core schema migrations 001-005

_Epic: Foundation & Platform Setup_","Highest","Platform","","epic-fnd","phase-0-foundation","","",""
"Sub-task","18","14","","Generate and commit an ERD from the live schema","Subtask of: Land the core schema migrations 001-005

_Epic: Foundation & Platform Setup_","Highest","Platform","","epic-fnd","phase-0-foundation","","",""
"Sub-task","19","14","","Document the entity model in the repo wiki","Subtask of: Land the core schema migrations 001-005

_Epic: Foundation & Platform Setup_","Highest","Platform","","epic-fnd","phase-0-foundation","","",""
"Story","20","1","","Enforce row-level security and tenant isolation at the database layer","Business staff must never see another organisation's bookings or customers. Enforce that in Postgres with FORCE ROW LEVEL SECURITY rather than relying on application filters alone.

*Acceptance criteria*
* RLS is enabled and FORCED on every table holding org-scoped or user-scoped data.
* The application connects as a non-superuser role that cannot bypass RLS.
* A test proves org A cannot read org B's bookings even with a crafted query.
* Session context (current org, current user) is set on every request and cleared on release.

*Subtasks*
* Define the app database role and revoke BYPASSRLS
* Write RLS policies for org-scoped tables (listings, experiences, slots, bookings)
* Write RLS policies for user-scoped tables (trips, favorites, notifications)
* Add SET LOCAL session-context middleware in FastAPI
* Write cross-tenant isolation tests that must fail closed

_BRD reference: BR-21, FR-060, FR-066_","Highest","Platform","8","epic-fnd","phase-0-foundation","phase-0","database","security"
"Sub-task","21","20","","Define the app database role and revoke BYPASSRLS","Subtask of: Enforce row-level security and tenant isolation at the database layer

_Epic: Foundation & Platform Setup_","Highest","Platform","","epic-fnd","phase-0-foundation","","",""
"Sub-task","22","20","","Write RLS policies for org-scoped tables (listings, experiences, slots, bookings)","Subtask of: Enforce row-level security and tenant isolation at the database layer

_Epic: Foundation & Platform Setup_","Highest","Platform","","epic-fnd","phase-0-foundation","","",""
"Sub-task","23","20","","Write RLS policies for user-scoped tables (trips, favorites, notifications)","Subtask of: Enforce row-level security and tenant isolation at the database layer

_Epic: Foundation & Platform Setup_","Highest","Platform","","epic-fnd","phase-0-foundation","","",""
"Sub-task","24","20","","Add SET LOCAL session-context middleware in FastAPI","Subtask of: Enforce row-level security and tenant isolation at the database layer

_Epic: Foundation & Platform Setup_","Highest","Platform","","epic-fnd","phase-0-foundation","","",""
"Sub-task","25","20","","Write cross-tenant isolation tests that must fail closed","Subtask of: Enforce row-level security and tenant isolation at the database layer

_Epic: Foundation & Platform Setup_","Highest","Platform","","epic-fnd","phase-0-foundation","","",""
"Story","26","1","","Build the environment and secrets strategy","Define local, staging and production environments with separate credentials, and make sure no secret can reach the client bundle or a log line.

*Acceptance criteria*
* Three environments exist with separate databases and separate third-party keys.
* Secrets come from the platform secret store, never from committed files.
* A CI check fails the build if a secret pattern appears in the repo or in a client bundle.
* Rotating a key requires no code change.

*Subtasks*
* Define the env-var contract and validate it at boot with Pydantic Settings
* Configure Vercel and backend-host environment variables per stage
* Add gitleaks or equivalent secret scanning to CI
* Write the key-rotation runbook

_BRD reference: BRD S25, AC-15_","High","Platform","3","epic-fnd","phase-0-foundation","phase-0","devex","security"
"Sub-task","27","26","","Define the env-var contract and validate it at boot with Pydantic Settings","Subtask of: Build the environment and secrets strategy

_Epic: Foundation & Platform Setup_","High","Platform","","epic-fnd","phase-0-foundation","","",""
"Sub-task","28","26","","Configure Vercel and backend-host environment variables per stage","Subtask of: Build the environment and secrets strategy

_Epic: Foundation & Platform Setup_","High","Platform","","epic-fnd","phase-0-foundation","","",""
"Sub-task","29","26","","Add gitleaks or equivalent secret scanning to CI","Subtask of: Build the environment and secrets strategy

_Epic: Foundation & Platform Setup_","High","Platform","","epic-fnd","phase-0-foundation","","",""
"Sub-task","30","26","","Write the key-rotation runbook","Subtask of: Build the environment and secrets strategy

_Epic: Foundation & Platform Setup_","High","Platform","","epic-fnd","phase-0-foundation","","",""
"Story","31","1","","Set up CI/CD with quality gates","Every pull request runs the same checks, and merging to main deploys to staging automatically.

*Acceptance criteria*
* PRs run lint, type-check, unit tests and migration up/down.
* Coverage is reported and a floor is enforced on changed files.
* Merge to main deploys the frontend to Vercel preview and the API to staging.
* A failed deploy rolls back without manual database surgery.

*Subtasks*
* Create the GitHub Actions workflow for the web app
* Create the workflow for the API including a Postgres service container
* Add coverage reporting and the changed-files threshold
* Wire staging auto-deploy and a manual production promotion gate
* Document the branch and release strategy

_BRD reference: BRD S24, S25_","High","Platform","5","epic-fnd","phase-0-foundation","phase-0","devex",""
"Sub-task","32","31","","Create the GitHub Actions workflow for the web app","Subtask of: Set up CI/CD with quality gates

_Epic: Foundation & Platform Setup_","High","Platform","","epic-fnd","phase-0-foundation","","",""
"Sub-task","33","31","","Create the workflow for the API including a Postgres service container","Subtask of: Set up CI/CD with quality gates

_Epic: Foundation & Platform Setup_","High","Platform","","epic-fnd","phase-0-foundation","","",""
"Sub-task","34","31","","Add coverage reporting and the changed-files threshold","Subtask of: Set up CI/CD with quality gates

_Epic: Foundation & Platform Setup_","High","Platform","","epic-fnd","phase-0-foundation","","",""
"Sub-task","35","31","","Wire staging auto-deploy and a manual production promotion gate","Subtask of: Set up CI/CD with quality gates

_Epic: Foundation & Platform Setup_","High","Platform","","epic-fnd","phase-0-foundation","","",""
"Sub-task","36","31","","Document the branch and release strategy","Subtask of: Set up CI/CD with quality gates

_Epic: Foundation & Platform Setup_","High","Platform","","epic-fnd","phase-0-foundation","","",""
"Story","37","1","","Build the seed and demo-data toolkit","The AI planner can only be demonstrated against real, verified Lebanese inventory. Build a repeatable seeder so any environment can be filled with credible data.

*Acceptance criteria*
* A single command seeds a coherent Lebanon dataset: regions, businesses, experiences, prices, hours, slots and images.
* Seeded coordinates are valid and fall inside Lebanon.
* Seed data is idempotent - running it twice does not duplicate rows.
* At least 60 experiences across 8+ categories and 6+ regions, enough for the planner to produce varied itineraries.

*Subtasks*
* Define the seed data format and validation rules
* Curate the Lebanon region and locality reference list
* Curate 60+ real experiences with categories, durations, price models and hours
* Write the idempotent seeder command with upsert-by-natural-key
* Add a coordinate and opening-hours sanity checker

_BRD reference: AC-02, AC-03, BR-01_","High","Platform","5","epic-fnd","phase-0-foundation","phase-0","data",""
"Sub-task","38","37","","Define the seed data format and validation rules","Subtask of: Build the seed and demo-data toolkit

_Epic: Foundation & Platform Setup_","High","Platform","","epic-fnd","phase-0-foundation","","",""
"Sub-task","39","37","","Curate the Lebanon region and locality reference list","Subtask of: Build the seed and demo-data toolkit

_Epic: Foundation & Platform Setup_","High","Platform","","epic-fnd","phase-0-foundation","","",""
"Sub-task","40","37","","Curate 60+ real experiences with categories, durations, price models and hours","Subtask of: Build the seed and demo-data toolkit

_Epic: Foundation & Platform Setup_","High","Platform","","epic-fnd","phase-0-foundation","","",""
"Sub-task","41","37","","Write the idempotent seeder command with upsert-by-natural-key","Subtask of: Build the seed and demo-data toolkit

_Epic: Foundation & Platform Setup_","High","Platform","","epic-fnd","phase-0-foundation","","",""
"Sub-task","42","37","","Add a coordinate and opening-hours sanity checker","Subtask of: Build the seed and demo-data toolkit

_Epic: Foundation & Platform Setup_","High","Platform","","epic-fnd","phase-0-foundation","","",""
"Epic","43","","Design System & UI Foundation","Design System & UI Foundation","Turn the brand foundation and the imported Figma frames into coded, accessible, tri-lingual components. This is the epic that connects the design work already done to the code.

*Phase:* Phase 0 - Foundation
*Stories in this epic:* 5","High","Design","","epic-dsn","phase-0-foundation","","",""
"Story","44","43","","Codify brand tokens as the single source of truth","Convert the brand package into design tokens consumed by both Figma and Tailwind, so a colour change happens in one place.

*Acceptance criteria*
* Colour, type, spacing, radius, elevation and motion tokens exist in one JSON source.
* Tailwind theme is generated from that source, not hand-maintained.
* Light and dark palettes are both defined; no colour is defined only inside a media query.
* Token names are semantic (surface, accent, danger), not literal (orange-500).

*Subtasks*
* Author the token JSON from the brand package
* Generate the Tailwind theme and CSS custom properties from tokens
* Define the dark-mode token overrides
* Publish the tokens as a Figma variables collection
* Document the token naming convention

_BRD reference: Brand foundation package_","Highest","Design","5","epic-dsn","phase-0-foundation","phase-0","design-system",""
"Sub-task","45","44","","Author the token JSON from the brand package","Subtask of: Codify brand tokens as the single source of truth

_Epic: Design System & UI Foundation_","Highest","Design","","epic-dsn","phase-0-foundation","","",""
"Sub-task","46","44","","Generate the Tailwind theme and CSS custom properties from tokens","Subtask of: Codify brand tokens as the single source of truth

_Epic: Design System & UI Foundation_","Highest","Design","","epic-dsn","phase-0-foundation","","",""
"Sub-task","47","44","","Define the dark-mode token overrides","Subtask of: Codify brand tokens as the single source of truth

_Epic: Design System & UI Foundation_","Highest","Design","","epic-dsn","phase-0-foundation","","",""
"Sub-task","48","44","","Publish the tokens as a Figma variables collection","Subtask of: Codify brand tokens as the single source of truth

_Epic: Design System & UI Foundation_","Highest","Design","","epic-dsn","phase-0-foundation","","",""
"Sub-task","49","44","","Document the token naming convention","Subtask of: Codify brand tokens as the single source of truth

_Epic: Design System & UI Foundation_","Highest","Design","","epic-dsn","phase-0-foundation","","",""
"Story","50","43","","Fix the contrast failures found in the brand review","Several brand pairings fall below WCAG AA. Correct them at token level before components are built on top of them.

*Acceptance criteria*
* Every text/background pair used in the product meets 4.5:1, or 3:1 for large text.
* Control boundaries and focus rings meet the 3:1 non-text contrast requirement of WCAG 1.4.11.
* A contrast test runs in CI against the token file and fails on regression.
* The corrected values are pushed back into the brand package and Figma variables.

*Subtasks*
* Recompute relative luminance for every token pairing in use
* Adjust the failing accent and muted-text values
* Write the automated contrast assertion over the token JSON
* Update the brand package document with corrected swatches

_BRD reference: Package review findings_","Highest","Design","3","epic-dsn","phase-0-foundation","phase-0","design-system","accessibility"
"Sub-task","51","50","","Recompute relative luminance for every token pairing in use","Subtask of: Fix the contrast failures found in the brand review

_Epic: Design System & UI Foundation_","Highest","Design","","epic-dsn","phase-0-foundation","","",""
"Sub-task","52","50","","Adjust the failing accent and muted-text values","Subtask of: Fix the contrast failures found in the brand review

_Epic: Design System & UI Foundation_","Highest","Design","","epic-dsn","phase-0-foundation","","",""
"Sub-task","53","50","","Write the automated contrast assertion over the token JSON","Subtask of: Fix the contrast failures found in the brand review

_Epic: Design System & UI Foundation_","Highest","Design","","epic-dsn","phase-0-foundation","","",""
"Sub-task","54","50","","Update the brand package document with corrected swatches","Subtask of: Fix the contrast failures found in the brand review

_Epic: Design System & UI Foundation_","Highest","Design","","epic-dsn","phase-0-foundation","","",""
"Story","55","43","","Build the core component library","Build the shadcn/ui-based components that the 54 screens actually use, each one keyboard-accessible and direction-agnostic.

*Acceptance criteria*
* Buttons, inputs, selects, date pickers, sliders, tabs, dialogs, sheets, toasts, cards, badges and empty states are implemented.
* Every interactive component is reachable and operable by keyboard alone, with a visible focus ring.
* No component uses left/right physical properties where logical properties (inline-start/end) are required for RTL.
* Components are documented in Storybook with light, dark, LTR and RTL snapshots.

*Subtasks*
* Set up Storybook with theme and direction toolbars
* Implement form primitives: input, select, combobox, date-range, slider
* Implement overlay primitives: dialog, sheet, popover, toast
* Implement content primitives: card, badge, rating, price, empty state
* Add axe-core accessibility checks to every story

_BRD reference: Screen inventory, FR-005_","High","Design","8","epic-dsn","phase-0-foundation","phase-0","design-system",""
"Sub-task","56","55","","Set up Storybook with theme and direction toolbars","Subtask of: Build the core component library

_Epic: Design System & UI Foundation_","High","Design","","epic-dsn","phase-0-foundation","","",""
"Sub-task","57","55","","Implement form primitives: input, select, combobox, date-range, slider","Subtask of: Build the core component library

_Epic: Design System & UI Foundation_","High","Design","","epic-dsn","phase-0-foundation","","",""
"Sub-task","58","55","","Implement overlay primitives: dialog, sheet, popover, toast","Subtask of: Build the core component library

_Epic: Design System & UI Foundation_","High","Design","","epic-dsn","phase-0-foundation","","",""
"Sub-task","59","55","","Implement content primitives: card, badge, rating, price, empty state","Subtask of: Build the core component library

_Epic: Design System & UI Foundation_","High","Design","","epic-dsn","phase-0-foundation","","",""
"Sub-task","60","55","","Add axe-core accessibility checks to every story","Subtask of: Build the core component library

_Epic: Design System & UI Foundation_","High","Design","","epic-dsn","phase-0-foundation","","",""
"Story","61","43","","Implement the responsive app shell","One shell that carries header, navigation, language switcher, auth state and footer across all three surfaces at 390px and 1440px.

*Acceptance criteria*
* The shell renders correctly at 390px and 1440px with no horizontal scroll.
* Navigation collapses to a mobile pattern below the breakpoint.
* The language switcher flips direction without a reload.
* Traveller, business and admin shells share primitives but differ in navigation.

*Subtasks*
* Build the traveller header, nav and footer
* Build the business portal sidebar shell
* Build the admin console shell
* Implement the language switcher with direction flip
* Verify both breakpoints against the Figma frames

_BRD reference: Screen inventory, FR-005_","High","Design","5","epic-dsn","phase-0-foundation","phase-0","design-system",""
"Sub-task","62","61","","Build the traveller header, nav and footer","Subtask of: Implement the responsive app shell

_Epic: Design System & UI Foundation_","High","Design","","epic-dsn","phase-0-foundation","","",""
"Sub-task","63","61","","Build the business portal sidebar shell","Subtask of: Implement the responsive app shell

_Epic: Design System & UI Foundation_","High","Design","","epic-dsn","phase-0-foundation","","",""
"Sub-task","64","61","","Build the admin console shell","Subtask of: Implement the responsive app shell

_Epic: Design System & UI Foundation_","High","Design","","epic-dsn","phase-0-foundation","","",""
"Sub-task","65","61","","Implement the language switcher with direction flip","Subtask of: Implement the responsive app shell

_Epic: Design System & UI Foundation_","High","Design","","epic-dsn","phase-0-foundation","","",""
"Sub-task","66","61","","Verify both breakpoints against the Figma frames","Subtask of: Implement the responsive app shell

_Epic: Design System & UI Foundation_","High","Design","","epic-dsn","phase-0-foundation","","",""
"Story","67","43","","Finish the Figma source of truth for all 54 screens","34 of 54 core desktop frames are imported. Complete the remaining desktop frames, add the mobile pass, and arrange everything on the documented grid.

*Acceptance criteria*
* All 54 core routes exist as 1440px frames.
* A 390px mobile pass exists for the 20 highest-traffic routes.
* Frames are placed on the agreed grid: X = slot * 1600, six journey bands on the documented Y values.
* Cross-surface handoffs are annotated on the canvas.

*Subtasks*
* Import the 20 remaining traveller and account desktop frames
* Run the 390px mobile pass on the priority routes
* Arrange all frames onto the journey-band grid
* Annotate the four cross-surface handoffs
* Tidy layer naming and publish the file for review

_BRD reference: Figma import checklist_","Medium","Design","5","epic-dsn","phase-0-foundation","design","figma",""
"Sub-task","68","67","","Import the 20 remaining traveller and account desktop frames","Subtask of: Finish the Figma source of truth for all 54 screens

_Epic: Design System & UI Foundation_","Medium","Design","","epic-dsn","phase-0-foundation","","",""
"Sub-task","69","67","","Run the 390px mobile pass on the priority routes","Subtask of: Finish the Figma source of truth for all 54 screens

_Epic: Design System & UI Foundation_","Medium","Design","","epic-dsn","phase-0-foundation","","",""
"Sub-task","70","67","","Arrange all frames onto the journey-band grid","Subtask of: Finish the Figma source of truth for all 54 screens

_Epic: Design System & UI Foundation_","Medium","Design","","epic-dsn","phase-0-foundation","","",""
"Sub-task","71","67","","Annotate the four cross-surface handoffs","Subtask of: Finish the Figma source of truth for all 54 screens

_Epic: Design System & UI Foundation_","Medium","Design","","epic-dsn","phase-0-foundation","","",""
"Sub-task","72","67","","Tidy layer naming and publish the file for review","Subtask of: Finish the Figma source of truth for all 54 screens

_Epic: Design System & UI Foundation_","Medium","Design","","epic-dsn","phase-0-foundation","","",""
"Epic","73","","Accounts, Identity & Preferences","Accounts, Identity & Preferences","Registration, sign-in, recovery, profile, preferences and the language choice that everything else reads from.

*Phase:* Phase 0 - Foundation
*Stories in this epic:* 7","High","Traveller","","epic-acc","phase-0-foundation","","",""
"Story","74","73","","Implement registration, sign-in and sign-out","Secure email/password authentication with sessions, plus the groundwork for social sign-in later.

*Acceptance criteria*
* A user can register, sign in and sign out from web on mobile and desktop.
* Passwords are hashed with a modern KDF; plaintext never reaches logs or Sentry.
* Sessions are httpOnly, secure, SameSite and expire on a documented schedule.
* Protected routes redirect unauthenticated users and return them to the intended page after sign-in.

*Subtasks*
* Design the users, sessions and credentials tables
* Implement password hashing and the sign-up endpoint
* Implement session issue, refresh and revoke
* Build the /signin and /signup screens against the Figma frames
* Add route protection middleware on both client and server

_BRD reference: FR-001, AC-01_","Highest","Traveller","8","epic-acc","phase-0-foundation","auth","traveller",""
"Sub-task","75","74","","Design the users, sessions and credentials tables","Subtask of: Implement registration, sign-in and sign-out

_Epic: Accounts, Identity & Preferences_","Highest","Traveller","","epic-acc","phase-0-foundation","","",""
"Sub-task","76","74","","Implement password hashing and the sign-up endpoint","Subtask of: Implement registration, sign-in and sign-out

_Epic: Accounts, Identity & Preferences_","Highest","Traveller","","epic-acc","phase-0-foundation","","",""
"Sub-task","77","74","","Implement session issue, refresh and revoke","Subtask of: Implement registration, sign-in and sign-out

_Epic: Accounts, Identity & Preferences_","Highest","Traveller","","epic-acc","phase-0-foundation","","",""
"Sub-task","78","74","","Build the /signin and /signup screens against the Figma frames","Subtask of: Implement registration, sign-in and sign-out

_Epic: Accounts, Identity & Preferences_","Highest","Traveller","","epic-acc","phase-0-foundation","","",""
"Sub-task","79","74","","Add route protection middleware on both client and server","Subtask of: Implement registration, sign-in and sign-out

_Epic: Accounts, Identity & Preferences_","Highest","Traveller","","epic-acc","phase-0-foundation","","",""
"Story","80","73","","Implement account recovery without account enumeration","A user can regain access, and an attacker cannot use the flow to learn which emails have accounts.

*Acceptance criteria*
* The forgot-password response is identical whether or not the address exists.
* Reset tokens are single-use, time-limited and invalidated on password change.
* All other sessions are revoked when a password is reset.
* Rate limiting blocks enumeration by volume.

*Subtasks*
* Implement reset-token issue and verification
* Build the /forgot-password and reset screens
* Send the reset email through the notification service
* Add rate limiting and a constant-time response path
* Write tests asserting identical responses for known and unknown emails

_BRD reference: FR-001_","Highest","Traveller","5","epic-acc","phase-0-foundation","auth","security",""
"Sub-task","81","80","","Implement reset-token issue and verification","Subtask of: Implement account recovery without account enumeration

_Epic: Accounts, Identity & Preferences_","Highest","Traveller","","epic-acc","phase-0-foundation","","",""
"Sub-task","82","80","","Build the /forgot-password and reset screens","Subtask of: Implement account recovery without account enumeration

_Epic: Accounts, Identity & Preferences_","Highest","Traveller","","epic-acc","phase-0-foundation","","",""
"Sub-task","83","80","","Send the reset email through the notification service","Subtask of: Implement account recovery without account enumeration

_Epic: Accounts, Identity & Preferences_","Highest","Traveller","","epic-acc","phase-0-foundation","","",""
"Sub-task","84","80","","Add rate limiting and a constant-time response path","Subtask of: Implement account recovery without account enumeration

_Epic: Accounts, Identity & Preferences_","Highest","Traveller","","epic-acc","phase-0-foundation","","",""
"Sub-task","85","80","","Write tests asserting identical responses for known and unknown emails","Subtask of: Implement account recovery without account enumeration

_Epic: Accounts, Identity & Preferences_","Highest","Traveller","","epic-acc","phase-0-foundation","","",""
"Story","86","73","","Verify email addresses","Confirm the address is reachable before it can receive booking confirmations.

*Acceptance criteria*
* New accounts are unverified until the emailed link is used.
* Unverified accounts can browse but cannot book.
* The verification email can be resent with rate limiting.
* Verification state is visible in admin.

*Subtasks*
* Add verification token issue and confirm endpoints
* Build the verify-email and resend screens
* Gate booking on verified state
* Surface verification state on the admin user record

_BRD reference: FR-001_","High","Traveller","3","epic-acc","phase-0-foundation","auth","",""
"Sub-task","87","86","","Add verification token issue and confirm endpoints","Subtask of: Verify email addresses

_Epic: Accounts, Identity & Preferences_","High","Traveller","","epic-acc","phase-0-foundation","","",""
"Sub-task","88","86","","Build the verify-email and resend screens","Subtask of: Verify email addresses

_Epic: Accounts, Identity & Preferences_","High","Traveller","","epic-acc","phase-0-foundation","","",""
"Sub-task","89","86","","Gate booking on verified state","Subtask of: Verify email addresses

_Epic: Accounts, Identity & Preferences_","High","Traveller","","epic-acc","phase-0-foundation","","",""
"Sub-task","90","86","","Surface verification state on the admin user record","Subtask of: Verify email addresses

_Epic: Accounts, Identity & Preferences_","High","Traveller","","epic-acc","phase-0-foundation","","",""
"Story","91","73","","Build the profile and preferences screen","Let users set the basics the planner needs: name, language, home area, and the travel preferences that shape recommendations.

*Acceptance criteria*
* A user can set display name, language, home or start area and default group size.
* Dietary, accessibility, activity-intensity and interest preferences are editable and optional.
* Nothing sensitive is inferred - every preference is explicitly chosen by the user.
* Changes take effect on the next plan without needing a new account or session.

*Subtasks*
* Model the preference schema with controlled vocabularies
* Build the /settings profile and preferences UI
* Implement the preference read/write API
* Wire home-area selection to the map location picker
* Add a per-trip override so preferences are defaults, not constraints

_BRD reference: FR-002, FR-003, AC-01_","High","Traveller","5","epic-acc","phase-0-foundation","traveller","profile",""
"Sub-task","92","91","","Model the preference schema with controlled vocabularies","Subtask of: Build the profile and preferences screen

_Epic: Accounts, Identity & Preferences_","High","Traveller","","epic-acc","phase-0-foundation","","",""
"Sub-task","93","91","","Build the /settings profile and preferences UI","Subtask of: Build the profile and preferences screen

_Epic: Accounts, Identity & Preferences_","High","Traveller","","epic-acc","phase-0-foundation","","",""
"Sub-task","94","91","","Implement the preference read/write API","Subtask of: Build the profile and preferences screen

_Epic: Accounts, Identity & Preferences_","High","Traveller","","epic-acc","phase-0-foundation","","",""
"Sub-task","95","91","","Wire home-area selection to the map location picker","Subtask of: Build the profile and preferences screen

_Epic: Accounts, Identity & Preferences_","High","Traveller","","epic-acc","phase-0-foundation","","",""
"Sub-task","96","91","","Add a per-trip override so preferences are defaults, not constraints","Subtask of: Build the profile and preferences screen

_Epic: Accounts, Identity & Preferences_","High","Traveller","","epic-acc","phase-0-foundation","","",""
"Story","97","73","","Implement language selection with Arabic RTL","Arabic, English and French, switchable at any time, with correct direction and no reload.

*Acceptance criteria*
* The three languages are selectable from the header and from settings.
* Arabic renders RTL with correct mirroring of icons, drawers and progress indicators.
* The choice persists for signed-in users and for guests via cookie.
* Language is reflected in the URL so a page can be shared in a specific language.

*Subtasks*
* Set up next-intl with the three locales and message catalogues
* Implement dir switching and logical CSS properties audit
* Add locale-prefixed routing
* Persist locale to the user profile and to a guest cookie
* Snapshot-test key screens in all three locales

_BRD reference: FR-005, AC-16_","Highest","Traveller","5","epic-acc","phase-0-foundation","i18n","traveller",""
"Sub-task","98","97","","Set up next-intl with the three locales and message catalogues","Subtask of: Implement language selection with Arabic RTL

_Epic: Accounts, Identity & Preferences_","Highest","Traveller","","epic-acc","phase-0-foundation","","",""
"Sub-task","99","97","","Implement dir switching and logical CSS properties audit","Subtask of: Implement language selection with Arabic RTL

_Epic: Accounts, Identity & Preferences_","Highest","Traveller","","epic-acc","phase-0-foundation","","",""
"Sub-task","100","97","","Add locale-prefixed routing","Subtask of: Implement language selection with Arabic RTL

_Epic: Accounts, Identity & Preferences_","Highest","Traveller","","epic-acc","phase-0-foundation","","",""
"Sub-task","101","97","","Persist locale to the user profile and to a guest cookie","Subtask of: Implement language selection with Arabic RTL

_Epic: Accounts, Identity & Preferences_","Highest","Traveller","","epic-acc","phase-0-foundation","","",""
"Sub-task","102","97","","Snapshot-test key screens in all three locales","Subtask of: Implement language selection with Arabic RTL

_Epic: Accounts, Identity & Preferences_","Highest","Traveller","","epic-acc","phase-0-foundation","","",""
"Story","103","73","","Build the account hub: trips, favorites, bookings and notifications","One place where a user finds everything they have saved or booked, scoped strictly to them.

*Acceptance criteria*
* /trips, /favorites, /bookings and /notifications each list the user's own records only.
* Empty states explain what the section is for and link to the relevant entry point.
* Items can be removed where policy permits; bookings are never silently deleted.
* Lists paginate and remain usable at 390px.

*Subtasks*
* Build the /trips list with status chips
* Build the /favorites grid with unfavorite
* Build the /bookings list with status and policy summary
* Build the /notifications list with read/unread
* Add ownership assertions to every query and a cross-user access test

_BRD reference: FR-004, FR-053_","High","Traveller","5","epic-acc","phase-0-foundation","traveller","profile",""
"Sub-task","104","103","","Build the /trips list with status chips","Subtask of: Build the account hub: trips, favorites, bookings and notifications

_Epic: Accounts, Identity & Preferences_","High","Traveller","","epic-acc","phase-0-foundation","","",""
"Sub-task","105","103","","Build the /favorites grid with unfavorite","Subtask of: Build the account hub: trips, favorites, bookings and notifications

_Epic: Accounts, Identity & Preferences_","High","Traveller","","epic-acc","phase-0-foundation","","",""
"Sub-task","106","103","","Build the /bookings list with status and policy summary","Subtask of: Build the account hub: trips, favorites, bookings and notifications

_Epic: Accounts, Identity & Preferences_","High","Traveller","","epic-acc","phase-0-foundation","","",""
"Sub-task","107","103","","Build the /notifications list with read/unread","Subtask of: Build the account hub: trips, favorites, bookings and notifications

_Epic: Accounts, Identity & Preferences_","High","Traveller","","epic-acc","phase-0-foundation","","",""
"Sub-task","108","103","","Add ownership assertions to every query and a cross-user access test","Subtask of: Build the account hub: trips, favorites, bookings and notifications

_Epic: Accounts, Identity & Preferences_","High","Traveller","","epic-acc","phase-0-foundation","","",""
"Story","109","73","","Let users export and delete their data","Give users a working route to see what is held about them and to remove it, including personalisation signals.

*Acceptance criteria*
* A user can request an export and receive their profile, trips, favorites, reviews and bookings.
* A user can reset personalisation signals without deleting the account.
* Account deletion anonymises rather than destroys records that bookings and accounting depend on.
* Both actions are audit logged.

*Subtasks*
* Implement the data export job and download
* Implement personalisation-signal reset
* Implement account deletion with referential anonymisation
* Add the privacy section to /settings
* Document the retention policy per entity

_BRD reference: BR-22, BRD S16_","Medium","Traveller","3","epic-acc","phase-0-foundation","privacy","traveller",""
"Sub-task","110","109","","Implement the data export job and download","Subtask of: Let users export and delete their data

_Epic: Accounts, Identity & Preferences_","Medium","Traveller","","epic-acc","phase-0-foundation","","",""
"Sub-task","111","109","","Implement personalisation-signal reset","Subtask of: Let users export and delete their data

_Epic: Accounts, Identity & Preferences_","Medium","Traveller","","epic-acc","phase-0-foundation","","",""
"Sub-task","112","109","","Implement account deletion with referential anonymisation","Subtask of: Let users export and delete their data

_Epic: Accounts, Identity & Preferences_","Medium","Traveller","","epic-acc","phase-0-foundation","","",""
"Sub-task","113","109","","Add the privacy section to /settings","Subtask of: Let users export and delete their data

_Epic: Accounts, Identity & Preferences_","Medium","Traveller","","epic-acc","phase-0-foundation","","",""
"Sub-task","114","109","","Document the retention policy per entity","Subtask of: Let users export and delete their data

_Epic: Accounts, Identity & Preferences_","Medium","Traveller","","epic-acc","phase-0-foundation","","",""
"Epic","115","","Catalogue, Search & Discovery","Catalogue, Search & Discovery","Everything a traveller can do before they ask for a plan: browse, search, filter, map, compare and save. This is the inventory layer the AI planner later reads from.

*Phase:* Phase 1 - Marketplace MVP
*Stories in this epic:* 8","High","Traveller","","epic-cat","phase-1-marketplace","","",""
"Story","116","115","","Model the catalogue: businesses, experiences, categories and media","The structured entities behind every listing, with the labelling rules that stop estimated prices being shown as firm ones.

*Acceptance criteria*
* Businesses, experiences, categories, tags, amenities, suitability labels and media are modelled and migrated.
* Every price carries currency, price type (fixed, from, estimated, quote-required) and an effective source.
* Only active and published entities are returned by public endpoints.
* Weather sensitivity (indoor, outdoor, weather-sensitive) is a first-class field.

*Subtasks*
* Write the catalogue migration with all constraints
* Define the category, tag, amenity and suitability taxonomies
* Implement the price-model value object with type and source
* Add the publish/unpublish state machine
* Write repository tests asserting unpublished content never leaks

_BRD reference: FR-010, FR-014, BR-01, BR-03_","Highest","Traveller","8","epic-cat","phase-1-marketplace","catalogue","database",""
"Sub-task","117","116","","Write the catalogue migration with all constraints","Subtask of: Model the catalogue: businesses, experiences, categories and media

_Epic: Catalogue, Search & Discovery_","Highest","Traveller","","epic-cat","phase-1-marketplace","","",""
"Sub-task","118","116","","Define the category, tag, amenity and suitability taxonomies","Subtask of: Model the catalogue: businesses, experiences, categories and media

_Epic: Catalogue, Search & Discovery_","Highest","Traveller","","epic-cat","phase-1-marketplace","","",""
"Sub-task","119","116","","Implement the price-model value object with type and source","Subtask of: Model the catalogue: businesses, experiences, categories and media

_Epic: Catalogue, Search & Discovery_","Highest","Traveller","","epic-cat","phase-1-marketplace","","",""
"Sub-task","120","116","","Add the publish/unpublish state machine","Subtask of: Model the catalogue: businesses, experiences, categories and media

_Epic: Catalogue, Search & Discovery_","Highest","Traveller","","epic-cat","phase-1-marketplace","","",""
"Sub-task","121","116","","Write repository tests asserting unpublished content never leaks","Subtask of: Model the catalogue: businesses, experiences, categories and media

_Epic: Catalogue, Search & Discovery_","Highest","Traveller","","epic-cat","phase-1-marketplace","","",""
"Story","122","115","","Build the browse and explore pages","The /explore surface with its filter rail, result grid and shareable state.

*Acceptance criteria*
* Users can browse destinations, experiences, attractions, restaurants and ready-made trips.
* Filters cover date, price, distance, category, group suitability, rating and availability where known.
* Filter state is encoded in the URL and restores exactly on reload or share.
* Results show count, active filter chips and a clear-all.

*Subtasks*
* Build the filter rail with all filter types
* Implement URL state sync for filters
* Build the result grid with skeleton and empty states
* Implement server-side filtering and pagination
* Add sort options and make the default explicit

_BRD reference: FR-010, FR-012, AC-02_","Highest","Traveller","8","epic-cat","phase-1-marketplace","catalogue","traveller",""
"Sub-task","123","122","","Build the filter rail with all filter types","Subtask of: Build the browse and explore pages

_Epic: Catalogue, Search & Discovery_","Highest","Traveller","","epic-cat","phase-1-marketplace","","",""
"Sub-task","124","122","","Implement URL state sync for filters","Subtask of: Build the browse and explore pages

_Epic: Catalogue, Search & Discovery_","Highest","Traveller","","epic-cat","phase-1-marketplace","","",""
"Sub-task","125","122","","Build the result grid with skeleton and empty states","Subtask of: Build the browse and explore pages

_Epic: Catalogue, Search & Discovery_","Highest","Traveller","","epic-cat","phase-1-marketplace","","",""
"Sub-task","126","122","","Implement server-side filtering and pagination","Subtask of: Build the browse and explore pages

_Epic: Catalogue, Search & Discovery_","Highest","Traveller","","epic-cat","phase-1-marketplace","","",""
"Sub-task","127","122","","Add sort options and make the default explicit","Subtask of: Build the browse and explore pages

_Epic: Catalogue, Search & Discovery_","Highest","Traveller","","epic-cat","phase-1-marketplace","","",""
"Story","128","115","","Implement keyword and natural-language search","Search that handles a typed keyword and a typed sentence, and never returns something that is not a real listing.

*Acceptance criteria*
* Keyword search covers name, description, category and locality across the three languages.
* Natural-language queries are parsed into filters and run against the same index.
* Every result maps to a real internal entity ID; no result is generated text.
* Zero-result queries offer relaxations rather than a dead end.

*Subtasks*
* Set up full-text search with Arabic, English and French configurations
* Generate and store pgvector embeddings for experiences
* Implement hybrid keyword plus vector retrieval
* Implement the query-to-filter parser
* Build the zero-result relaxation suggestions

_BRD reference: FR-011, BR-01_","High","Traveller","8","epic-cat","phase-1-marketplace","catalogue","search",""
"Sub-task","129","128","","Set up full-text search with Arabic, English and French configurations","Subtask of: Implement keyword and natural-language search

_Epic: Catalogue, Search & Discovery_","High","Traveller","","epic-cat","phase-1-marketplace","","",""
"Sub-task","130","128","","Generate and store pgvector embeddings for experiences","Subtask of: Implement keyword and natural-language search

_Epic: Catalogue, Search & Discovery_","High","Traveller","","epic-cat","phase-1-marketplace","","",""
"Sub-task","131","128","","Implement hybrid keyword plus vector retrieval","Subtask of: Implement keyword and natural-language search

_Epic: Catalogue, Search & Discovery_","High","Traveller","","epic-cat","phase-1-marketplace","","",""
"Sub-task","132","128","","Implement the query-to-filter parser","Subtask of: Implement keyword and natural-language search

_Epic: Catalogue, Search & Discovery_","High","Traveller","","epic-cat","phase-1-marketplace","","",""
"Sub-task","133","128","","Build the zero-result relaxation suggestions","Subtask of: Implement keyword and natural-language search

_Epic: Catalogue, Search & Discovery_","High","Traveller","","epic-cat","phase-1-marketplace","","",""
"Story","134","115","","Build the interactive map view","A map that stays in sync with the list, so a marker and a card are always the same thing.

*Acceptance criteria*
* Users can switch between list and map without losing filters or scroll position.
* Markers correspond exactly to the visible result set and open the matching detail card.
* Clustering handles dense areas such as Beirut without hiding results.
* The map is usable at 390px and degrades to the list if the map fails to load.

*Subtasks*
* Integrate Google Maps Platform with an API key restricted by referrer
* Implement marker rendering, clustering and hover sync
* Build the map detail card and its link to the listing
* Implement viewport-driven search with a search-this-area control
* Add the map failure fallback

_BRD reference: FR-013, AC-02_","Highest","Traveller","8","epic-cat","phase-1-marketplace","catalogue","maps",""
"Sub-task","135","134","","Integrate Google Maps Platform with an API key restricted by referrer","Subtask of: Build the interactive map view

_Epic: Catalogue, Search & Discovery_","Highest","Traveller","","epic-cat","phase-1-marketplace","","",""
"Sub-task","136","134","","Implement marker rendering, clustering and hover sync","Subtask of: Build the interactive map view

_Epic: Catalogue, Search & Discovery_","Highest","Traveller","","epic-cat","phase-1-marketplace","","",""
"Sub-task","137","134","","Build the map detail card and its link to the listing","Subtask of: Build the interactive map view

_Epic: Catalogue, Search & Discovery_","Highest","Traveller","","epic-cat","phase-1-marketplace","","",""
"Sub-task","138","134","","Implement viewport-driven search with a search-this-area control","Subtask of: Build the interactive map view

_Epic: Catalogue, Search & Discovery_","Highest","Traveller","","epic-cat","phase-1-marketplace","","",""
"Sub-task","139","134","","Add the map failure fallback","Subtask of: Build the interactive map view

_Epic: Catalogue, Search & Discovery_","Highest","Traveller","","epic-cat","phase-1-marketplace","","",""
"Story","140","115","","Build the listing detail page","The page a traveller decides on: verified data, labelled prices, policies, availability status and the booking mode stated up front.

*Acceptance criteria*
* The page shows verified business data, price model, location, duration, policies, images and availability status.
* Estimated, from-price and quote-required values are explicitly labelled as such.
* The booking mode - instant confirm, request to book, or inquiry - is visible before any commitment.
* Add to trip and favorite are available without forcing AI plan generation.

*Subtasks*
* Build the gallery, header and key-facts block
* Build the price and policy block with explicit labelling
* Build the availability panel reflecting booking mode
* Implement add-to-trip and favorite from the detail page
* Add structured data markup for search engines

_BRD reference: FR-014, BR-03, BR-25_","Highest","Traveller","8","epic-cat","phase-1-marketplace","catalogue","traveller",""
"Sub-task","141","140","","Build the gallery, header and key-facts block","Subtask of: Build the listing detail page

_Epic: Catalogue, Search & Discovery_","Highest","Traveller","","epic-cat","phase-1-marketplace","","",""
"Sub-task","142","140","","Build the price and policy block with explicit labelling","Subtask of: Build the listing detail page

_Epic: Catalogue, Search & Discovery_","Highest","Traveller","","epic-cat","phase-1-marketplace","","",""
"Sub-task","143","140","","Build the availability panel reflecting booking mode","Subtask of: Build the listing detail page

_Epic: Catalogue, Search & Discovery_","Highest","Traveller","","epic-cat","phase-1-marketplace","","",""
"Sub-task","144","140","","Implement add-to-trip and favorite from the detail page","Subtask of: Build the listing detail page

_Epic: Catalogue, Search & Discovery_","Highest","Traveller","","epic-cat","phase-1-marketplace","","",""
"Sub-task","145","140","","Add structured data markup for search engines","Subtask of: Build the listing detail page

_Epic: Catalogue, Search & Discovery_","Highest","Traveller","","epic-cat","phase-1-marketplace","","",""
"Story","146","115","","Implement favorites","Save a listing once, see it everywhere, and never end up with duplicates.

*Acceptance criteria*
* A user can favorite and unfavorite from grid, map card and detail page.
* A unique constraint prevents duplicate favorites at the database level.
* Favorites survive sign-out and sign-in.
* Optimistic UI rolls back cleanly if the write fails.

*Subtasks*
* Add the favorites table with a unique constraint
* Implement the toggle endpoint as idempotent
* Wire the favorite control into all three surfaces
* Handle the guest-to-signed-in favorite merge

_BRD reference: FR-015, FR-053_","High","Traveller","3","epic-cat","phase-1-marketplace","traveller","",""
"Sub-task","147","146","","Add the favorites table with a unique constraint","Subtask of: Implement favorites

_Epic: Catalogue, Search & Discovery_","High","Traveller","","epic-cat","phase-1-marketplace","","",""
"Sub-task","148","146","","Implement the toggle endpoint as idempotent","Subtask of: Implement favorites

_Epic: Catalogue, Search & Discovery_","High","Traveller","","epic-cat","phase-1-marketplace","","",""
"Sub-task","149","146","","Wire the favorite control into all three surfaces","Subtask of: Implement favorites

_Epic: Catalogue, Search & Discovery_","High","Traveller","","epic-cat","phase-1-marketplace","","",""
"Sub-task","150","146","","Handle the guest-to-signed-in favorite merge","Subtask of: Implement favorites

_Epic: Catalogue, Search & Discovery_","High","Traveller","","epic-cat","phase-1-marketplace","","",""
"Story","151","115","","Build curated collections and ready-made trips","Editorial entry points for users who do not want to describe anything - a weekend in the north, a rainy-day list, a budget day out.

*Acceptance criteria*
* Admins can assemble collections from existing experiences.
* Collection pages render at /collections and each collection has its own page.
* A ready-made trip can be opened directly in the trip editor as a starting point.
* Collections respect publish state and never surface paused inventory.

*Subtasks*
* Model collections and collection items
* Build the admin collection editor
* Build the public collection index and detail pages
* Implement open-as-trip from a ready-made trip

_BRD reference: FR-010, FR-016_","Medium","Traveller","5","epic-cat","phase-1-marketplace","catalogue","content",""
"Sub-task","152","151","","Model collections and collection items","Subtask of: Build curated collections and ready-made trips

_Epic: Catalogue, Search & Discovery_","Medium","Traveller","","epic-cat","phase-1-marketplace","","",""
"Sub-task","153","151","","Build the admin collection editor","Subtask of: Build curated collections and ready-made trips

_Epic: Catalogue, Search & Discovery_","Medium","Traveller","","epic-cat","phase-1-marketplace","","",""
"Sub-task","154","151","","Build the public collection index and detail pages","Subtask of: Build curated collections and ready-made trips

_Epic: Catalogue, Search & Discovery_","Medium","Traveller","","epic-cat","phase-1-marketplace","","",""
"Sub-task","155","151","","Implement open-as-trip from a ready-made trip","Subtask of: Build curated collections and ready-made trips

_Epic: Catalogue, Search & Discovery_","Medium","Traveller","","epic-cat","phase-1-marketplace","","",""
"Story","156","115","","Surface related and nearby experiences","Suggestions that work without invoking the planner, with honest distance and travel-time context.

*Acceptance criteria*
* Each listing shows nearby and related experiences.
* Suggestions are based on location, category and compatibility, not on popularity invented by AI.
* Distance and estimated travel time are shown with each suggestion.
* Paused or unpublished inventory never appears.

*Subtasks*
* Implement the PostGIS nearby query with a tunable radius
* Implement category and attribute similarity scoring
* Build the related-experiences component
* Add travel-time context from the routing service

_BRD reference: FR-016_","Medium","Traveller","3","epic-cat","phase-1-marketplace","catalogue","discovery",""
"Sub-task","157","156","","Implement the PostGIS nearby query with a tunable radius","Subtask of: Surface related and nearby experiences

_Epic: Catalogue, Search & Discovery_","Medium","Traveller","","epic-cat","phase-1-marketplace","","",""
"Sub-task","158","156","","Implement category and attribute similarity scoring","Subtask of: Surface related and nearby experiences

_Epic: Catalogue, Search & Discovery_","Medium","Traveller","","epic-cat","phase-1-marketplace","","",""
"Sub-task","159","156","","Build the related-experiences component","Subtask of: Surface related and nearby experiences

_Epic: Catalogue, Search & Discovery_","Medium","Traveller","","epic-cat","phase-1-marketplace","","",""
"Sub-task","160","156","","Add travel-time context from the routing service","Subtask of: Surface related and nearby experiences

_Epic: Catalogue, Search & Discovery_","Medium","Traveller","","epic-cat","phase-1-marketplace","","",""
"Epic","161","","Business Portal","Business Portal","The supply side: onboarding, verification, listings, availability, the booking inbox and performance metrics. Nothing a business publishes reaches a traveller without passing admin verification.

*Phase:* Phase 1 - Marketplace MVP
*Stories in this epic:* 10","High","Business","","epic-biz","phase-1-marketplace","","",""
"Story","162","161","","Build business registration and onboarding","A business can create an organisation account and start preparing listings while verification is pending.

*Acceptance criteria*
* A business can register an organisation and land in a pending-verification state.
* Pending businesses can draft listings but cannot publish them.
* The onboarding checklist shows exactly what is still required.
* The organisation is isolated by RLS from the first row written.

*Subtasks*
* Model organisations, memberships and verification state
* Build the business sign-up flow
* Build the onboarding checklist screen
* Block publish while verification is pending
* Add the org-scoped session context

_BRD reference: FR-060, AC-09_","Highest","Business","5","epic-biz","phase-1-marketplace","business","onboarding",""
"Sub-task","163","162","","Model organisations, memberships and verification state","Subtask of: Build business registration and onboarding

_Epic: Business Portal_","Highest","Business","","epic-biz","phase-1-marketplace","","",""
"Sub-task","164","162","","Build the business sign-up flow","Subtask of: Build business registration and onboarding

_Epic: Business Portal_","Highest","Business","","epic-biz","phase-1-marketplace","","",""
"Sub-task","165","162","","Build the onboarding checklist screen","Subtask of: Build business registration and onboarding

_Epic: Business Portal_","Highest","Business","","epic-biz","phase-1-marketplace","","",""
"Sub-task","166","162","","Block publish while verification is pending","Subtask of: Build business registration and onboarding

_Epic: Business Portal_","Highest","Business","","epic-biz","phase-1-marketplace","","",""
"Sub-task","167","162","","Add the org-scoped session context","Subtask of: Build business registration and onboarding

_Epic: Business Portal_","Highest","Business","","epic-biz","phase-1-marketplace","","",""
"Story","168","161","","Build verification document submission","Collect what admin needs to verify a business, and make clear the badge is granted by Mshwar, never self-assigned.

*Acceptance criteria*
* A business can submit registration details and supporting documents.
* Uploaded documents are stored privately and are not publicly reachable.
* Verification state transitions are audit logged with actor and reason.
* The verified badge can only be set by an admin action.

*Subtasks*
* Build the document upload with private storage and signed URLs
* Model the verification submission and its review states
* Build the submission screen and status tracker
* Add the audit log entries for every state change

_BRD reference: FR-060, BR-02_","High","Business","5","epic-biz","phase-1-marketplace","business","trust",""
"Sub-task","169","168","","Build the document upload with private storage and signed URLs","Subtask of: Build verification document submission

_Epic: Business Portal_","High","Business","","epic-biz","phase-1-marketplace","","",""
"Sub-task","170","168","","Model the verification submission and its review states","Subtask of: Build verification document submission

_Epic: Business Portal_","High","Business","","epic-biz","phase-1-marketplace","","",""
"Sub-task","171","168","","Build the submission screen and status tracker","Subtask of: Build verification document submission

_Epic: Business Portal_","High","Business","","epic-biz","phase-1-marketplace","","",""
"Sub-task","172","168","","Add the audit log entries for every state change","Subtask of: Build verification document submission

_Epic: Business Portal_","High","Business","","epic-biz","phase-1-marketplace","","",""
"Story","173","161","","Implement staff invitations and role-based permissions","An owner can bring in staff without handing over finance and settings access.

*Acceptance criteria*
* An owner can invite staff by email and assign a role.
* Roles limit access to listings, bookings, finance and settings independently.
* A staff member of one organisation cannot read any data from another.
* Invitations expire and can be revoked.

*Subtasks*
* Define the role and permission matrix
* Implement invitation issue, accept and revoke
* Enforce permissions in the API and hide unauthorised UI
* Build the team management screen
* Write cross-org and cross-role access tests

_BRD reference: FR-061, BR-21_","Medium","Business","5","epic-biz","phase-1-marketplace","business","security",""
"Sub-task","174","173","","Define the role and permission matrix","Subtask of: Implement staff invitations and role-based permissions

_Epic: Business Portal_","Medium","Business","","epic-biz","phase-1-marketplace","","",""
"Sub-task","175","173","","Implement invitation issue, accept and revoke","Subtask of: Implement staff invitations and role-based permissions

_Epic: Business Portal_","Medium","Business","","epic-biz","phase-1-marketplace","","",""
"Sub-task","176","173","","Enforce permissions in the API and hide unauthorised UI","Subtask of: Implement staff invitations and role-based permissions

_Epic: Business Portal_","Medium","Business","","epic-biz","phase-1-marketplace","","",""
"Sub-task","177","173","","Build the team management screen","Subtask of: Implement staff invitations and role-based permissions

_Epic: Business Portal_","Medium","Business","","epic-biz","phase-1-marketplace","","",""
"Sub-task","178","173","","Write cross-org and cross-role access tests","Subtask of: Implement staff invitations and role-based permissions

_Epic: Business Portal_","Medium","Business","","epic-biz","phase-1-marketplace","","",""
"Story","179","161","","Build the listing and experience editor","The form a business fills in to create sellable inventory, with validation strict enough that the planner can trust the output.

*Acceptance criteria*
* A business can create and edit listings with category, images, location, duration, pricing and policies.
* Required fields and data types are validated before publication, not after.
* Location is set on a map and validated to fall inside Lebanon.
* Weather sensitivity and group suitability are set at creation.

*Subtasks*
* Build the multi-step experience editor
* Implement image upload through ImageKit with transformations
* Implement the map location picker with coordinate validation
* Implement the pricing editor with price type and currency
* Implement the publish gate with a pre-publish validation report

_BRD reference: FR-062, AC-09, BR-03_","Highest","Business","8","epic-biz","phase-1-marketplace","business","catalogue",""
"Sub-task","180","179","","Build the multi-step experience editor","Subtask of: Build the listing and experience editor

_Epic: Business Portal_","Highest","Business","","epic-biz","phase-1-marketplace","","",""
"Sub-task","181","179","","Implement image upload through ImageKit with transformations","Subtask of: Build the listing and experience editor

_Epic: Business Portal_","Highest","Business","","epic-biz","phase-1-marketplace","","",""
"Sub-task","182","179","","Implement the map location picker with coordinate validation","Subtask of: Build the listing and experience editor

_Epic: Business Portal_","Highest","Business","","epic-biz","phase-1-marketplace","","",""
"Sub-task","183","179","","Implement the pricing editor with price type and currency","Subtask of: Build the listing and experience editor

_Epic: Business Portal_","Highest","Business","","epic-biz","phase-1-marketplace","","",""
"Sub-task","184","179","","Implement the publish gate with a pre-publish validation report","Subtask of: Build the listing and experience editor

_Epic: Business Portal_","Highest","Business","","epic-biz","phase-1-marketplace","","",""
"Story","185","161","","Build opening hours, slots, capacity and blackout management","The availability model the booking engine and the planner both read from.

*Acceptance criteria*
* A business can set weekly opening hours and dated exceptions.
* Slots carry start, end, capacity and remaining capacity.
* Blackout dates remove availability without deleting the slot definition.
* Every availability record stores last-updated timestamp and source.

*Subtasks*
* Model opening hours, exceptions, slots and blackouts
* Build the weekly hours editor
* Build the slot generator with recurrence rules
* Build the calendar view with blackout toggling
* Record actor and timestamp on every change

_BRD reference: FR-063, FR-041, BR-08_","Highest","Business","8","epic-biz","phase-1-marketplace","business","availability",""
"Sub-task","186","185","","Model opening hours, exceptions, slots and blackouts","Subtask of: Build opening hours, slots, capacity and blackout management

_Epic: Business Portal_","Highest","Business","","epic-biz","phase-1-marketplace","","",""
"Sub-task","187","185","","Build the weekly hours editor","Subtask of: Build opening hours, slots, capacity and blackout management

_Epic: Business Portal_","Highest","Business","","epic-biz","phase-1-marketplace","","",""
"Sub-task","188","185","","Build the slot generator with recurrence rules","Subtask of: Build opening hours, slots, capacity and blackout management

_Epic: Business Portal_","Highest","Business","","epic-biz","phase-1-marketplace","","",""
"Sub-task","189","185","","Build the calendar view with blackout toggling","Subtask of: Build opening hours, slots, capacity and blackout management

_Epic: Business Portal_","Highest","Business","","epic-biz","phase-1-marketplace","","",""
"Sub-task","190","185","","Record actor and timestamp on every change","Subtask of: Build opening hours, slots, capacity and blackout management

_Epic: Business Portal_","Highest","Business","","epic-biz","phase-1-marketplace","","",""
"Story","191","161","","Build the booking inbox","Where a business sees requests and answers them, with the answer flowing straight back to the traveller's itinerary.

*Acceptance criteria*
* Requests appear in the inbox with party size, date, experience and traveller note.
* A business can confirm or reject with a reason and an optional message.
* The response updates the traveller's itinerary and triggers a notification.
* Only bookings belonging to the organisation are visible.

*Subtasks*
* Build the inbox list with status and date filters
* Build the request detail and respond panel
* Implement confirm and reject with reason capture
* Wire the response to the notification outbox
* Add the org-scope assertion test

_BRD reference: FR-064, FR-066, AC-09_","Highest","Business","8","epic-biz","phase-1-marketplace","business","booking",""
"Sub-task","192","191","","Build the inbox list with status and date filters","Subtask of: Build the booking inbox

_Epic: Business Portal_","Highest","Business","","epic-biz","phase-1-marketplace","","",""
"Sub-task","193","191","","Build the request detail and respond panel","Subtask of: Build the booking inbox

_Epic: Business Portal_","Highest","Business","","epic-biz","phase-1-marketplace","","",""
"Sub-task","194","191","","Implement confirm and reject with reason capture","Subtask of: Build the booking inbox

_Epic: Business Portal_","Highest","Business","","epic-biz","phase-1-marketplace","","",""
"Sub-task","195","191","","Wire the response to the notification outbox","Subtask of: Build the booking inbox

_Epic: Business Portal_","Highest","Business","","epic-biz","phase-1-marketplace","","",""
"Sub-task","196","191","","Add the org-scope assertion test","Subtask of: Build the booking inbox

_Epic: Business Portal_","Highest","Business","","epic-biz","phase-1-marketplace","","",""
"Story","197","161","","Build the booking calendar and list views","A business needs both a day-by-day operational view and a filterable list.

*Acceptance criteria*
* Bookings render on a calendar by day and week.
* The list filters by status, date range and experience.
* Both views show capacity consumed against capacity available.
* Export to CSV is available for the filtered set.

*Subtasks*
* Build the calendar component with day and week modes
* Build the filterable booking list
* Add the capacity-utilisation indicator
* Implement filtered CSV export

_BRD reference: FR-066_","High","Business","5","epic-biz","phase-1-marketplace","business","booking",""
"Sub-task","198","197","","Build the calendar component with day and week modes","Subtask of: Build the booking calendar and list views

_Epic: Business Portal_","High","Business","","epic-biz","phase-1-marketplace","","",""
"Sub-task","199","197","","Build the filterable booking list","Subtask of: Build the booking calendar and list views

_Epic: Business Portal_","High","Business","","epic-biz","phase-1-marketplace","","",""
"Sub-task","200","197","","Add the capacity-utilisation indicator","Subtask of: Build the booking calendar and list views

_Epic: Business Portal_","High","Business","","epic-biz","phase-1-marketplace","","",""
"Sub-task","201","197","","Implement filtered CSV export","Subtask of: Build the booking calendar and list views

_Epic: Business Portal_","High","Business","","epic-biz","phase-1-marketplace","","",""
"Story","202","161","","Implement pause and unpublish without data loss","A business must be able to stop taking bookings tomorrow without erasing last month.

*Acceptance criteria*
* An experience can be paused; it stops appearing in search and in new itineraries immediately.
* Existing bookings, reviews and analytics for the paused experience are preserved.
* Unpausing restores visibility without re-entering data.
* Paused state is visible in the business portal and in admin.

*Subtasks*
* Add the paused state and exclude it from all public queries
* Verify the planner excludes paused inventory
* Add pause and unpause controls with confirmation
* Write a test asserting historical records survive a pause

_BRD reference: FR-068, BR-24_","High","Business","3","epic-biz","phase-1-marketplace","business","catalogue",""
"Sub-task","203","202","","Add the paused state and exclude it from all public queries","Subtask of: Implement pause and unpublish without data loss

_Epic: Business Portal_","High","Business","","epic-biz","phase-1-marketplace","","",""
"Sub-task","204","202","","Verify the planner excludes paused inventory","Subtask of: Implement pause and unpublish without data loss

_Epic: Business Portal_","High","Business","","epic-biz","phase-1-marketplace","","",""
"Sub-task","205","202","","Add pause and unpause controls with confirmation","Subtask of: Implement pause and unpublish without data loss

_Epic: Business Portal_","High","Business","","epic-biz","phase-1-marketplace","","",""
"Sub-task","206","202","","Write a test asserting historical records survive a pause","Subtask of: Implement pause and unpublish without data loss

_Epic: Business Portal_","High","Business","","epic-biz","phase-1-marketplace","","",""
"Story","207","161","","Build the business performance dashboard","Views, saves, itinerary inclusions, booking requests, confirmations and revenue - all derived from auditable events, not estimates.

*Acceptance criteria*
* The dashboard shows views, saves, itinerary inclusions, requests, confirmations and revenue where applicable.
* Every metric traces back to a recorded platform event.
* Date-range filtering works and the comparison period is stated.
* Metrics are org-scoped and cannot leak across organisations.

*Subtasks*
* Define the event taxonomy for business-facing metrics
* Implement event capture at each surface
* Build the aggregation queries with date ranges
* Build the dashboard screen with charts and an export

_BRD reference: FR-067_","Medium","Business","5","epic-biz","phase-1-marketplace","business","analytics",""
"Sub-task","208","207","","Define the event taxonomy for business-facing metrics","Subtask of: Build the business performance dashboard

_Epic: Business Portal_","Medium","Business","","epic-biz","phase-1-marketplace","","",""
"Sub-task","209","207","","Implement event capture at each surface","Subtask of: Build the business performance dashboard

_Epic: Business Portal_","Medium","Business","","epic-biz","phase-1-marketplace","","",""
"Sub-task","210","207","","Build the aggregation queries with date ranges","Subtask of: Build the business performance dashboard

_Epic: Business Portal_","Medium","Business","","epic-biz","phase-1-marketplace","","",""
"Sub-task","211","207","","Build the dashboard screen with charts and an export","Subtask of: Build the business performance dashboard

_Epic: Business Portal_","Medium","Business","","epic-biz","phase-1-marketplace","","",""
"Story","212","161","","Separate public and internal business contact details","The phone number on the listing and the number operations calls at 8am are not the same number.

*Acceptance criteria*
* A business can set public contact details and separate internal fulfilment contacts.
* Internal contacts are never returned by public endpoints.
* Fulfilment instructions reach the confirmation email but not the public page.
* A test asserts internal fields are absent from the public serializer.

*Subtasks*
* Split the contact model into public and internal
* Build the contact and fulfilment settings screen
* Audit the public serializers for leakage
* Include fulfilment instructions in confirmation notifications only

_BRD reference: FR-069_","Medium","Business","3","epic-biz","phase-1-marketplace","business","privacy",""
"Sub-task","213","212","","Split the contact model into public and internal","Subtask of: Separate public and internal business contact details

_Epic: Business Portal_","Medium","Business","","epic-biz","phase-1-marketplace","","",""
"Sub-task","214","212","","Build the contact and fulfilment settings screen","Subtask of: Separate public and internal business contact details

_Epic: Business Portal_","Medium","Business","","epic-biz","phase-1-marketplace","","",""
"Sub-task","215","212","","Audit the public serializers for leakage","Subtask of: Separate public and internal business contact details

_Epic: Business Portal_","Medium","Business","","epic-biz","phase-1-marketplace","","",""
"Sub-task","216","212","","Include fulfilment instructions in confirmation notifications only","Subtask of: Separate public and internal business contact details

_Epic: Business Portal_","Medium","Business","","epic-biz","phase-1-marketplace","","",""
"Epic","217","","Admin, Moderation & Operations Console","Admin, Moderation & Operations Console","The operations surface that stands between supply and demand: verification, moderation, taxonomy, support, configuration and platform health. Every action here is audited.

*Phase:* Phase 1 - Marketplace MVP
*Stories in this epic:* 9","High","Admin","","epic-adm","phase-1-marketplace","","",""
"Story","218","217","","Build the admin authentication and permission model","Admin is a separate privilege level, not a flag on a normal account, and sensitive actions need elevated permission.

*Acceptance criteria*
* Admin access requires a distinct role that cannot be self-granted.
* Sensitive actions - financial overrides, booking state changes - require an elevated permission beyond basic admin.
* Every admin session is logged with actor, IP and duration.
* Admin routes are unreachable and invisible to non-admin accounts.

*Subtasks*
* Model admin roles and the elevated-permission tier
* Implement admin route guards on client and server
* Add admin session logging
* Build the admin role management screen
* Write privilege-escalation tests

_BRD reference: FR-070, FR-073, BR-20_","Highest","Admin","5","epic-adm","phase-1-marketplace","admin","security",""
"Sub-task","219","218","","Model admin roles and the elevated-permission tier","Subtask of: Build the admin authentication and permission model

_Epic: Admin, Moderation & Operations Console_","Highest","Admin","","epic-adm","phase-1-marketplace","","",""
"Sub-task","220","218","","Implement admin route guards on client and server","Subtask of: Build the admin authentication and permission model

_Epic: Admin, Moderation & Operations Console_","Highest","Admin","","epic-adm","phase-1-marketplace","","",""
"Sub-task","221","218","","Add admin session logging","Subtask of: Build the admin authentication and permission model

_Epic: Admin, Moderation & Operations Console_","Highest","Admin","","epic-adm","phase-1-marketplace","","",""
"Sub-task","222","218","","Build the admin role management screen","Subtask of: Build the admin authentication and permission model

_Epic: Admin, Moderation & Operations Console_","Highest","Admin","","epic-adm","phase-1-marketplace","","",""
"Sub-task","223","218","","Write privilege-escalation tests","Subtask of: Build the admin authentication and permission model

_Epic: Admin, Moderation & Operations Console_","Highest","Admin","","epic-adm","phase-1-marketplace","","",""
"Story","224","217","","Build the business verification queue","The queue where a submitted business becomes a verified one, or does not, with a reason either way.

*Acceptance criteria*
* An admin can review, approve, reject, suspend and re-verify businesses.
* Every action requires a reason and is written to the audit log.
* Approval sets the verified badge; nothing else can set it.
* The business is notified of the outcome with the reason where appropriate.

*Subtasks*
* Build the verification queue list with filters and SLA age
* Build the review detail with document viewer
* Implement approve, reject, suspend and re-verify with reason capture
* Wire outcome notifications to the business
* Add audit log entries for every transition

_BRD reference: FR-070, BR-02, AC-10_","Highest","Admin","8","epic-adm","phase-1-marketplace","admin","trust",""
"Sub-task","225","224","","Build the verification queue list with filters and SLA age","Subtask of: Build the business verification queue

_Epic: Admin, Moderation & Operations Console_","Highest","Admin","","epic-adm","phase-1-marketplace","","",""
"Sub-task","226","224","","Build the review detail with document viewer","Subtask of: Build the business verification queue

_Epic: Admin, Moderation & Operations Console_","Highest","Admin","","epic-adm","phase-1-marketplace","","",""
"Sub-task","227","224","","Implement approve, reject, suspend and re-verify with reason capture","Subtask of: Build the business verification queue

_Epic: Admin, Moderation & Operations Console_","Highest","Admin","","epic-adm","phase-1-marketplace","","",""
"Sub-task","228","224","","Wire outcome notifications to the business","Subtask of: Build the business verification queue

_Epic: Admin, Moderation & Operations Console_","Highest","Admin","","epic-adm","phase-1-marketplace","","",""
"Sub-task","229","224","","Add audit log entries for every transition","Subtask of: Build the business verification queue

_Epic: Admin, Moderation & Operations Console_","Highest","Admin","","epic-adm","phase-1-marketplace","","",""
"Story","230","217","","Build content moderation for listings, images and reviews","Moderate abuse without rewriting what people actually said, and keep the evidence.

*Acceptance criteria*
* An admin can moderate listings, images, reviews and other user-generated content.
* Moderation preserves the original content and history for audit and support.
* A review can be hidden for policy violation but never edited into different words.
* Bulk actions are available for obvious spam waves.

*Subtasks*
* Build the moderation queue with content-type filters
* Implement hide, restore and escalate actions with evidence retention
* Build the image moderation view
* Implement bulk moderation with a confirmation step
* Add the moderation audit trail

_BRD reference: FR-071, BR-11, AC-10_","High","Admin","8","epic-adm","phase-1-marketplace","admin","trust",""
"Sub-task","231","230","","Build the moderation queue with content-type filters","Subtask of: Build content moderation for listings, images and reviews

_Epic: Admin, Moderation & Operations Console_","High","Admin","","epic-adm","phase-1-marketplace","","",""
"Sub-task","232","230","","Implement hide, restore and escalate actions with evidence retention","Subtask of: Build content moderation for listings, images and reviews

_Epic: Admin, Moderation & Operations Console_","High","Admin","","epic-adm","phase-1-marketplace","","",""
"Sub-task","233","230","","Build the image moderation view","Subtask of: Build content moderation for listings, images and reviews

_Epic: Admin, Moderation & Operations Console_","High","Admin","","epic-adm","phase-1-marketplace","","",""
"Sub-task","234","230","","Implement bulk moderation with a confirmation step","Subtask of: Build content moderation for listings, images and reviews

_Epic: Admin, Moderation & Operations Console_","High","Admin","","epic-adm","phase-1-marketplace","","",""
"Sub-task","235","230","","Add the moderation audit trail","Subtask of: Build content moderation for listings, images and reviews

_Epic: Admin, Moderation & Operations Console_","High","Admin","","epic-adm","phase-1-marketplace","","",""
"Story","236","217","","Build taxonomy management","Categories, tags, amenities, suitability labels and weather-sensitivity classes, editable without a deploy and without breaking existing records.

*Acceptance criteria*
* An admin can create, rename, merge and retire taxonomy terms.
* Changes propagate to search and planning without orphaning existing assignments.
* Retiring a term keeps historical assignments intact and stops new ones.
* Term changes are versioned and audited.

*Subtasks*
* Build the taxonomy CRUD screens
* Implement merge and retire with reassignment
* Trigger search reindex on taxonomy change
* Add taxonomy change auditing

_BRD reference: FR-072_","High","Admin","5","epic-adm","phase-1-marketplace","admin","catalogue",""
"Sub-task","237","236","","Build the taxonomy CRUD screens","Subtask of: Build taxonomy management

_Epic: Admin, Moderation & Operations Console_","High","Admin","","epic-adm","phase-1-marketplace","","",""
"Sub-task","238","236","","Implement merge and retire with reassignment","Subtask of: Build taxonomy management

_Epic: Admin, Moderation & Operations Console_","High","Admin","","epic-adm","phase-1-marketplace","","",""
"Sub-task","239","236","","Trigger search reindex on taxonomy change","Subtask of: Build taxonomy management

_Epic: Admin, Moderation & Operations Console_","High","Admin","","epic-adm","phase-1-marketplace","","",""
"Sub-task","240","236","","Add taxonomy change auditing","Subtask of: Build taxonomy management

_Epic: Admin, Moderation & Operations Console_","High","Admin","","epic-adm","phase-1-marketplace","","",""
"Story","241","217","","Build booking and payment inspection with support actions","When a traveller calls, operations needs the whole picture and a safe set of levers.

*Acceptance criteria*
* An admin can inspect any booking with its full state history, price snapshot and policy snapshot.
* Payment records and their provider references are visible without exposing secrets.
* Authorised support actions - force-cancel, mark refunded, resend confirmation - require elevated permission and a reason.
* Every support action is audit logged and visible on the booking timeline.

*Subtasks*
* Build the booking inspector with the full state timeline
* Surface payment records and reconciliation status
* Implement the elevated support actions with reason capture
* Add the booking audit timeline component
* Write tests asserting non-elevated admins cannot perform financial actions

_BRD reference: FR-073, BR-20_","High","Admin","8","epic-adm","phase-1-marketplace","admin","booking",""
"Sub-task","242","241","","Build the booking inspector with the full state timeline","Subtask of: Build booking and payment inspection with support actions

_Epic: Admin, Moderation & Operations Console_","High","Admin","","epic-adm","phase-1-marketplace","","",""
"Sub-task","243","241","","Surface payment records and reconciliation status","Subtask of: Build booking and payment inspection with support actions

_Epic: Admin, Moderation & Operations Console_","High","Admin","","epic-adm","phase-1-marketplace","","",""
"Sub-task","244","241","","Implement the elevated support actions with reason capture","Subtask of: Build booking and payment inspection with support actions

_Epic: Admin, Moderation & Operations Console_","High","Admin","","epic-adm","phase-1-marketplace","","",""
"Sub-task","245","241","","Add the booking audit timeline component","Subtask of: Build booking and payment inspection with support actions

_Epic: Admin, Moderation & Operations Console_","High","Admin","","epic-adm","phase-1-marketplace","","",""
"Sub-task","246","241","","Write tests asserting non-elevated admins cannot perform financial actions","Subtask of: Build booking and payment inspection with support actions

_Epic: Admin, Moderation & Operations Console_","High","Admin","","epic-adm","phase-1-marketplace","","",""
"Story","247","217","","Build marketplace configuration and feature flags","Commission, fees, planner limits and feature rollout changeable from the console, with a record of who changed what.

*Acceptance criteria*
* An admin can configure commission and fee rules without a code change.
* Feature flags can be toggled per environment and per cohort.
* Configuration changes are versioned with actor, timestamp and previous value.
* A misconfiguration can be rolled back to a previous version in one action.

*Subtasks*
* Model versioned configuration with an audit trail
* Build the fee and commission configuration screen
* Implement the feature-flag service and its client hook
* Implement configuration rollback
* Document which settings are safe to change live

_BRD reference: FR-074_","Medium","Admin","5","epic-adm","phase-1-marketplace","admin","config",""
"Sub-task","248","247","","Model versioned configuration with an audit trail","Subtask of: Build marketplace configuration and feature flags

_Epic: Admin, Moderation & Operations Console_","Medium","Admin","","epic-adm","phase-1-marketplace","","",""
"Sub-task","249","247","","Build the fee and commission configuration screen","Subtask of: Build marketplace configuration and feature flags

_Epic: Admin, Moderation & Operations Console_","Medium","Admin","","epic-adm","phase-1-marketplace","","",""
"Sub-task","250","247","","Implement the feature-flag service and its client hook","Subtask of: Build marketplace configuration and feature flags

_Epic: Admin, Moderation & Operations Console_","Medium","Admin","","epic-adm","phase-1-marketplace","","",""
"Sub-task","251","247","","Implement configuration rollback","Subtask of: Build marketplace configuration and feature flags

_Epic: Admin, Moderation & Operations Console_","Medium","Admin","","epic-adm","phase-1-marketplace","","",""
"Sub-task","252","247","","Document which settings are safe to change live","Subtask of: Build marketplace configuration and feature flags

_Epic: Admin, Moderation & Operations Console_","Medium","Admin","","epic-adm","phase-1-marketplace","","",""
"Story","253","217","","Build the platform health and KPI dashboard","The numbers operations checks every morning, computed from defined event semantics rather than ad-hoc queries.

*Acceptance criteria*
* The dashboard shows user, business and booking KPIs with date filtering.
* Each metric has a written definition visible from the dashboard.
* Planner health - generation success rate, infeasible rate, fallback rate - is included.
* The dashboard loads in under three seconds on a month of data.

*Subtasks*
* Define the event semantics document and metric definitions
* Build the aggregation layer with materialised views where needed
* Build the KPI dashboard screen
* Add planner health metrics
* Add metric definition tooltips sourced from the definitions document

_BRD reference: FR-075, BRD S19_","Medium","Admin","5","epic-adm","phase-1-marketplace","admin","analytics",""
"Sub-task","254","253","","Define the event semantics document and metric definitions","Subtask of: Build the platform health and KPI dashboard

_Epic: Admin, Moderation & Operations Console_","Medium","Admin","","epic-adm","phase-1-marketplace","","",""
"Sub-task","255","253","","Build the aggregation layer with materialised views where needed","Subtask of: Build the platform health and KPI dashboard

_Epic: Admin, Moderation & Operations Console_","Medium","Admin","","epic-adm","phase-1-marketplace","","",""
"Sub-task","256","253","","Build the KPI dashboard screen","Subtask of: Build the platform health and KPI dashboard

_Epic: Admin, Moderation & Operations Console_","Medium","Admin","","epic-adm","phase-1-marketplace","","",""
"Sub-task","257","253","","Add planner health metrics","Subtask of: Build the platform health and KPI dashboard

_Epic: Admin, Moderation & Operations Console_","Medium","Admin","","epic-adm","phase-1-marketplace","","",""
"Sub-task","258","253","","Add metric definition tooltips sourced from the definitions document","Subtask of: Build the platform health and KPI dashboard

_Epic: Admin, Moderation & Operations Console_","Medium","Admin","","epic-adm","phase-1-marketplace","","",""
"Story","259","217","","Build the support case and report handling workflow","Reported reviews, reported listings and user support cases tracked to resolution rather than handled in an inbox.

*Acceptance criteria*
* A report or support case has status, owner, evidence and resolution.
* Cases can be assigned, reassigned and escalated.
* Resolution requires an outcome note.
* Case age and backlog are visible on the health dashboard.

*Subtasks*
* Model support cases and reports
* Build the case queue and detail screens
* Implement assignment, escalation and resolution
* Link cases to the entities they concern
* Add case metrics to the health dashboard

_BRD reference: FR-076_","Medium","Admin","5","epic-adm","phase-1-marketplace","admin","support",""
"Sub-task","260","259","","Model support cases and reports","Subtask of: Build the support case and report handling workflow

_Epic: Admin, Moderation & Operations Console_","Medium","Admin","","epic-adm","phase-1-marketplace","","",""
"Sub-task","261","259","","Build the case queue and detail screens","Subtask of: Build the support case and report handling workflow

_Epic: Admin, Moderation & Operations Console_","Medium","Admin","","epic-adm","phase-1-marketplace","","",""
"Sub-task","262","259","","Implement assignment, escalation and resolution","Subtask of: Build the support case and report handling workflow

_Epic: Admin, Moderation & Operations Console_","Medium","Admin","","epic-adm","phase-1-marketplace","","",""
"Sub-task","263","259","","Link cases to the entities they concern","Subtask of: Build the support case and report handling workflow

_Epic: Admin, Moderation & Operations Console_","Medium","Admin","","epic-adm","phase-1-marketplace","","",""
"Sub-task","264","259","","Add case metrics to the health dashboard","Subtask of: Build the support case and report handling workflow

_Epic: Admin, Moderation & Operations Console_","Medium","Admin","","epic-adm","phase-1-marketplace","","",""
"Story","265","217","","Build automated data-quality checks","Catch stale availability, missing prices and invalid coordinates before a traveller finds them.

*Acceptance criteria*
* Scheduled checks flag stale availability, missing or unlabelled prices and coordinates outside Lebanon.
* Issues appear in an admin queue and can notify the owning business.
* A check can be triggered on demand as well as on schedule.
* Resolved issues close automatically on the next run.

*Subtasks*
* Implement the check framework and scheduler
* Write the stale-availability, missing-price and invalid-coordinate checks
* Build the data-quality queue screen
* Implement business notification for flagged issues
* Add check results to the health dashboard

_BRD reference: FR-077, BR-08, BR-09_","Medium","Admin","5","epic-adm","phase-1-marketplace","admin","data",""
"Sub-task","266","265","","Implement the check framework and scheduler","Subtask of: Build automated data-quality checks

_Epic: Admin, Moderation & Operations Console_","Medium","Admin","","epic-adm","phase-1-marketplace","","",""
"Sub-task","267","265","","Write the stale-availability, missing-price and invalid-coordinate checks","Subtask of: Build automated data-quality checks

_Epic: Admin, Moderation & Operations Console_","Medium","Admin","","epic-adm","phase-1-marketplace","","",""
"Sub-task","268","265","","Build the data-quality queue screen","Subtask of: Build automated data-quality checks

_Epic: Admin, Moderation & Operations Console_","Medium","Admin","","epic-adm","phase-1-marketplace","","",""
"Sub-task","269","265","","Implement business notification for flagged issues","Subtask of: Build automated data-quality checks

_Epic: Admin, Moderation & Operations Console_","Medium","Admin","","epic-adm","phase-1-marketplace","","",""
"Sub-task","270","265","","Add check results to the health dashboard","Subtask of: Build automated data-quality checks

_Epic: Admin, Moderation & Operations Console_","Medium","Admin","","epic-adm","phase-1-marketplace","","",""
"Epic","271","","Maps, Routing & Weather","Maps, Routing & Weather","The factual services the planner depends on: where things are, how long it takes to get between them, and whether the weather will ruin it. These must be real measurements, never guesses from a language model.

*Phase:* Phase 2 - AI Planner
*Stories in this epic:* 6","High","Planner","","epic-map","phase-2-ai-planner","","",""
"Story","272","271","","Integrate the routing and travel-time service","Real distance and duration between stops, cached hard because this is the most expensive external call in the product.

*Acceptance criteria*
* Travel time and distance between any two stops come from the configured routing provider.
* Results are cached by origin, destination, mode and time bucket.
* When the provider is unavailable, metrics are marked unavailable rather than estimated silently.
* Provider cost per plan is measurable and within the documented budget.

*Subtasks*
* Integrate the Google Maps routing API behind a provider interface
* Implement the distance-matrix cache with a TTL policy
* Implement graceful degradation when routing is unavailable
* Add per-plan routing cost instrumentation
* Write tests against a recorded provider fixture

_BRD reference: FR-031, AC-05, BR-04_","Highest","Planner","8","epic-map","phase-2-ai-planner","maps","planner",""
"Sub-task","273","272","","Integrate the Google Maps routing API behind a provider interface","Subtask of: Integrate the routing and travel-time service

_Epic: Maps, Routing & Weather_","Highest","Planner","","epic-map","phase-2-ai-planner","","",""
"Sub-task","274","272","","Implement the distance-matrix cache with a TTL policy","Subtask of: Integrate the routing and travel-time service

_Epic: Maps, Routing & Weather_","Highest","Planner","","epic-map","phase-2-ai-planner","","",""
"Sub-task","275","272","","Implement graceful degradation when routing is unavailable","Subtask of: Integrate the routing and travel-time service

_Epic: Maps, Routing & Weather_","Highest","Planner","","epic-map","phase-2-ai-planner","","",""
"Sub-task","276","272","","Add per-plan routing cost instrumentation","Subtask of: Integrate the routing and travel-time service

_Epic: Maps, Routing & Weather_","Highest","Planner","","epic-map","phase-2-ai-planner","","",""
"Sub-task","277","272","","Write tests against a recorded provider fixture","Subtask of: Integrate the routing and travel-time service

_Epic: Maps, Routing & Weather_","Highest","Planner","","epic-map","phase-2-ai-planner","","",""
"Story","278","271","","Build the start-location picker","Three ways to say where you are starting from, and device location is never the only one.

*Acceptance criteria*
* A user can set the start location by search, by dropping a pin on the map, or by granting device location.
* Manual entry is always available; the flow never dead-ends on a denied permission.
* Precise location is requested only with explicit user permission.
* The chosen start location is shown in plain language, not as raw coordinates.

*Subtasks*
* Build the location search with place autocomplete
* Build the map pin-drop picker
* Implement the geolocation permission flow with denial handling
* Implement reverse geocoding for a human-readable label
* Persist the default start location to the profile

_BRD reference: FR-030, BR-17_","Highest","Planner","5","epic-map","phase-2-ai-planner","maps","traveller",""
"Sub-task","279","278","","Build the location search with place autocomplete","Subtask of: Build the start-location picker

_Epic: Maps, Routing & Weather_","Highest","Planner","","epic-map","phase-2-ai-planner","","",""
"Sub-task","280","278","","Build the map pin-drop picker","Subtask of: Build the start-location picker

_Epic: Maps, Routing & Weather_","Highest","Planner","","epic-map","phase-2-ai-planner","","",""
"Sub-task","281","278","","Implement the geolocation permission flow with denial handling","Subtask of: Build the start-location picker

_Epic: Maps, Routing & Weather_","Highest","Planner","","epic-map","phase-2-ai-planner","","",""
"Sub-task","282","278","","Implement reverse geocoding for a human-readable label","Subtask of: Build the start-location picker

_Epic: Maps, Routing & Weather_","Highest","Planner","","epic-map","phase-2-ai-planner","","",""
"Sub-task","283","278","","Persist the default start location to the profile","Subtask of: Build the start-location picker

_Epic: Maps, Routing & Weather_","Highest","Planner","","epic-map","phase-2-ai-planner","","",""
"Story","284","271","","Implement multi-stop route optimisation","Sequence the stops to cut pointless driving while honouring locked stops, appointment times and the return-by constraint. This is an OR-Tools job, not a prompt.

*Acceptance criteria*
* The optimiser sequences stops to reduce total travel time subject to hard constraints.
* Locked stops keep their position; appointment-time stops keep their window.
* The return-by time and closing times are respected or the plan is reported infeasible.
* Optimiser output is validated against the routing service before display.

*Subtasks*
* Model the itinerary as a constrained routing problem
* Implement the OR-Tools solver with time windows
* Encode locked stops and fixed appointments as constraints
* Implement post-solve validation against real routing data
* Add solver timeout handling and a deterministic fallback ordering
* Benchmark solve time across 3, 6 and 10 stop plans

_BRD reference: FR-024, FR-032, AC-05_","Highest","Planner","13","epic-map","phase-2-ai-planner","planner","optimisation",""
"Sub-task","285","284","","Model the itinerary as a constrained routing problem","Subtask of: Implement multi-stop route optimisation

_Epic: Maps, Routing & Weather_","Highest","Planner","","epic-map","phase-2-ai-planner","","",""
"Sub-task","286","284","","Implement the OR-Tools solver with time windows","Subtask of: Implement multi-stop route optimisation

_Epic: Maps, Routing & Weather_","Highest","Planner","","epic-map","phase-2-ai-planner","","",""
"Sub-task","287","284","","Encode locked stops and fixed appointments as constraints","Subtask of: Implement multi-stop route optimisation

_Epic: Maps, Routing & Weather_","Highest","Planner","","epic-map","phase-2-ai-planner","","",""
"Sub-task","288","284","","Implement post-solve validation against real routing data","Subtask of: Implement multi-stop route optimisation

_Epic: Maps, Routing & Weather_","Highest","Planner","","epic-map","phase-2-ai-planner","","",""
"Sub-task","289","284","","Add solver timeout handling and a deterministic fallback ordering","Subtask of: Implement multi-stop route optimisation

_Epic: Maps, Routing & Weather_","Highest","Planner","","epic-map","phase-2-ai-planner","","",""
"Sub-task","290","284","","Benchmark solve time across 3, 6 and 10 stop plans","Subtask of: Implement multi-stop route optimisation

_Epic: Maps, Routing & Weather_","Highest","Planner","","epic-map","phase-2-ai-planner","","",""
"Story","291","271","","Integrate the weather forecast service","Open-Meteo for the prototype behind an interface, because production will need something with a commercial guarantee.

*Acceptance criteria*
* Forecasts are retrieved per location and date for the planning horizon.
* The provider sits behind an interface so it can be swapped without touching the planner.
* Forecast data carries its source and retrieval timestamp.
* Forecast unavailability degrades to no warning, never to a wrong warning.

*Subtasks*
* Define the weather provider interface
* Implement the Open-Meteo adapter with caching
* Store forecast source and timestamp with every retrieval
* Implement the unavailable-forecast degradation path
* Document the production provider decision and its cost

_BRD reference: FR-034, BR-18, AC-06_","High","Planner","5","epic-map","phase-2-ai-planner","weather","planner",""
"Sub-task","292","291","","Define the weather provider interface","Subtask of: Integrate the weather forecast service

_Epic: Maps, Routing & Weather_","High","Planner","","epic-map","phase-2-ai-planner","","",""
"Sub-task","293","291","","Implement the Open-Meteo adapter with caching","Subtask of: Integrate the weather forecast service

_Epic: Maps, Routing & Weather_","High","Planner","","epic-map","phase-2-ai-planner","","",""
"Sub-task","294","291","","Store forecast source and timestamp with every retrieval","Subtask of: Integrate the weather forecast service

_Epic: Maps, Routing & Weather_","High","Planner","","epic-map","phase-2-ai-planner","","",""
"Sub-task","295","291","","Implement the unavailable-forecast degradation path","Subtask of: Integrate the weather forecast service

_Epic: Maps, Routing & Weather_","High","Planner","","epic-map","phase-2-ai-planner","","",""
"Sub-task","296","291","","Document the production provider decision and its cost","Subtask of: Integrate the weather forecast service

_Epic: Maps, Routing & Weather_","High","Planner","","epic-map","phase-2-ai-planner","","",""
"Story","297","271","","Implement weather-sensitivity classification and warnings","Classify what the weather can ruin, then warn about it clearly - without cancelling anything on the user's behalf.

*Acceptance criteria*
* Every experience carries an indoor, outdoor or weather-sensitive classification, editable by verified business or admin.
* A warning appears when configured thresholds are met for an affected stop.
* The warning names the affected stops and shows the forecast source timestamp.
* A warning never cancels or alters a booking automatically.

*Subtasks*
* Add the classification field and its editors in business and admin
* Define the configurable warning thresholds
* Implement the warning evaluation in the planning pipeline
* Build the itinerary weather warning component
* Write tests asserting no booking state changes on a warning

_BRD reference: FR-033, FR-034, AC-06_","High","Planner","5","epic-map","phase-2-ai-planner","weather","planner",""
"Sub-task","298","297","","Add the classification field and its editors in business and admin","Subtask of: Implement weather-sensitivity classification and warnings

_Epic: Maps, Routing & Weather_","High","Planner","","epic-map","phase-2-ai-planner","","",""
"Sub-task","299","297","","Define the configurable warning thresholds","Subtask of: Implement weather-sensitivity classification and warnings

_Epic: Maps, Routing & Weather_","High","Planner","","epic-map","phase-2-ai-planner","","",""
"Sub-task","300","297","","Implement the warning evaluation in the planning pipeline","Subtask of: Implement weather-sensitivity classification and warnings

_Epic: Maps, Routing & Weather_","High","Planner","","epic-map","phase-2-ai-planner","","",""
"Sub-task","301","297","","Build the itinerary weather warning component","Subtask of: Implement weather-sensitivity classification and warnings

_Epic: Maps, Routing & Weather_","High","Planner","","epic-map","phase-2-ai-planner","","",""
"Sub-task","302","297","","Write tests asserting no booking state changes on a warning","Subtask of: Implement weather-sensitivity classification and warnings

_Epic: Maps, Routing & Weather_","High","Planner","","epic-map","phase-2-ai-planner","","",""
"Story","303","271","","Implement partial replanning for weather-affected stops","Rebuild only the parts the weather hit, and leave the rest of the plan alone.

*Acceptance criteria*
* A user can rebuild only the weather-affected portion of a trip.
* Locked stops and unaffected stops keep their place where feasible.
* The replan recalculates downstream time, route and cost.
* If no feasible replacement exists, the user is told plainly rather than shown a worse plan silently.

*Subtasks*
* Implement affected-segment detection
* Implement the constrained partial re-solve
* Build the replan-affected-stops UI action
* Show a before-and-after diff of the changed segment
* Handle the no-feasible-alternative case explicitly

_BRD reference: FR-035, AC-06_","Medium","Planner","8","epic-map","phase-2-ai-planner","weather","planner",""
"Sub-task","304","303","","Implement affected-segment detection","Subtask of: Implement partial replanning for weather-affected stops

_Epic: Maps, Routing & Weather_","Medium","Planner","","epic-map","phase-2-ai-planner","","",""
"Sub-task","305","303","","Implement the constrained partial re-solve","Subtask of: Implement partial replanning for weather-affected stops

_Epic: Maps, Routing & Weather_","Medium","Planner","","epic-map","phase-2-ai-planner","","",""
"Sub-task","306","303","","Build the replan-affected-stops UI action","Subtask of: Implement partial replanning for weather-affected stops

_Epic: Maps, Routing & Weather_","Medium","Planner","","epic-map","phase-2-ai-planner","","",""
"Sub-task","307","303","","Show a before-and-after diff of the changed segment","Subtask of: Implement partial replanning for weather-affected stops

_Epic: Maps, Routing & Weather_","Medium","Planner","","epic-map","phase-2-ai-planner","","",""
"Sub-task","308","303","","Handle the no-feasible-alternative case explicitly","Subtask of: Implement partial replanning for weather-affected stops

_Epic: Maps, Routing & Weather_","Medium","Planner","","epic-map","phase-2-ai-planner","","",""
"Epic","309","","AI Trip Builder","AI Trip Builder","The product's centrepiece and its biggest risk. The language model reads intent and writes explanations; it never invents a place, a price or a total. Every stop resolves to a real entity ID.

*Phase:* Phase 2 - AI Planner
*Stories in this epic:* 13","High","Planner","","epic-aip","phase-2-ai-planner","","",""
"Story","310","309","","Build the intent extraction service","Turn a sentence in Arabic, Lebanese Arabic, English, French or a mix of them into validated structured constraints.

*Acceptance criteria*
* Free text in any of the supported languages returns a validated structured constraint object.
* Lebanese Arabic phrasing is handled, not just Modern Standard Arabic.
* Missing required fields produce a clarification request rather than a guess.
* The extractor output is schema-validated; malformed output is retried then failed safely.

*Subtasks*
* Define the trip-constraint schema with Pydantic
* Write and version the extraction prompt with few-shot examples
* Build the Lebanese Arabic example set for the prompt and the tests
* Implement schema validation with bounded retry
* Implement the clarification-question generator for missing fields
* Build the evaluation set of 100 real phrasings across the three languages

_BRD reference: FR-020, FR-021, AC-03_","Highest","Planner","8","epic-aip","phase-2-ai-planner","ai","planner",""
"Sub-task","311","310","","Define the trip-constraint schema with Pydantic","Subtask of: Build the intent extraction service

_Epic: AI Trip Builder_","Highest","Planner","","epic-aip","phase-2-ai-planner","","",""
"Sub-task","312","310","","Write and version the extraction prompt with few-shot examples","Subtask of: Build the intent extraction service

_Epic: AI Trip Builder_","Highest","Planner","","epic-aip","phase-2-ai-planner","","",""
"Sub-task","313","310","","Build the Lebanese Arabic example set for the prompt and the tests","Subtask of: Build the intent extraction service

_Epic: AI Trip Builder_","Highest","Planner","","epic-aip","phase-2-ai-planner","","",""
"Sub-task","314","310","","Implement schema validation with bounded retry","Subtask of: Build the intent extraction service

_Epic: AI Trip Builder_","Highest","Planner","","epic-aip","phase-2-ai-planner","","",""
"Sub-task","315","310","","Implement the clarification-question generator for missing fields","Subtask of: Build the intent extraction service

_Epic: AI Trip Builder_","Highest","Planner","","epic-aip","phase-2-ai-planner","","",""
"Sub-task","316","310","","Build the evaluation set of 100 real phrasings across the three languages","Subtask of: Build the intent extraction service

_Epic: AI Trip Builder_","Highest","Planner","","epic-aip","phase-2-ai-planner","","",""
"Story","317","309","","Build the clarification loop","Ask for what is genuinely missing, once, rather than interrogating the user or inventing defaults invisibly.

*Acceptance criteria*
* The planner asks only for constraints it cannot default safely.
* Any assumed default is shown to the user on the plan itself.
* The user can answer clarifications inline without losing what they already typed.
* No more than two clarification rounds before the planner proceeds with visible assumptions.

*Subtasks*
* Define which constraints are required versus defaultable
* Build the inline clarification UI
* Implement the assumptions banner on generated plans
* Cap clarification rounds and proceed with stated defaults

_BRD reference: FR-021, BRD S11_","High","Planner","5","epic-aip","phase-2-ai-planner","ai","planner",""
"Sub-task","318","317","","Define which constraints are required versus defaultable","Subtask of: Build the clarification loop

_Epic: AI Trip Builder_","High","Planner","","epic-aip","phase-2-ai-planner","","",""
"Sub-task","319","317","","Build the inline clarification UI","Subtask of: Build the clarification loop

_Epic: AI Trip Builder_","High","Planner","","epic-aip","phase-2-ai-planner","","",""
"Sub-task","320","317","","Implement the assumptions banner on generated plans","Subtask of: Build the clarification loop

_Epic: AI Trip Builder_","High","Planner","","epic-aip","phase-2-ai-planner","","",""
"Sub-task","321","317","","Cap clarification rounds and proceed with stated defaults","Subtask of: Build the clarification loop

_Epic: AI Trip Builder_","High","Planner","","epic-aip","phase-2-ai-planner","","",""
"Story","322","309","","Build structured candidate retrieval","Pull candidates from Mshwar inventory before a single word of itinerary text is generated. This is the rule that keeps the product honest.

*Acceptance criteria*
* Candidate retrieval runs against the database before any generation step.
* Every candidate carries a valid internal entity ID and an active published status.
* Retrieval combines structured filters with vector similarity over verified descriptions.
* A plan cannot be assembled from anything not returned by retrieval.

*Subtasks*
* Implement the structured filter query from the constraint object
* Implement pgvector similarity retrieval over experience embeddings
* Implement hybrid scoring and candidate-set assembly
* Enforce the entity-ID contract between retrieval and assembly
* Write a test asserting no stop can exist without a retrieved candidate

_BRD reference: FR-022, BR-01, AC-03_","Highest","Planner","8","epic-aip","phase-2-ai-planner","ai","planner",""
"Sub-task","323","322","","Implement the structured filter query from the constraint object","Subtask of: Build structured candidate retrieval

_Epic: AI Trip Builder_","Highest","Planner","","epic-aip","phase-2-ai-planner","","",""
"Sub-task","324","322","","Implement pgvector similarity retrieval over experience embeddings","Subtask of: Build structured candidate retrieval

_Epic: AI Trip Builder_","Highest","Planner","","epic-aip","phase-2-ai-planner","","",""
"Sub-task","325","322","","Implement hybrid scoring and candidate-set assembly","Subtask of: Build structured candidate retrieval

_Epic: AI Trip Builder_","Highest","Planner","","epic-aip","phase-2-ai-planner","","",""
"Sub-task","326","322","","Enforce the entity-ID contract between retrieval and assembly","Subtask of: Build structured candidate retrieval

_Epic: AI Trip Builder_","Highest","Planner","","epic-aip","phase-2-ai-planner","","",""
"Sub-task","327","322","","Write a test asserting no stop can exist without a retrieved candidate","Subtask of: Build structured candidate retrieval

_Epic: AI Trip Builder_","Highest","Planner","","epic-aip","phase-2-ai-planner","","",""
"Story","328","309","","Implement hard eligibility filtering","Filter candidates against the constraints that cannot be negotiated: hours, duration, capacity, travel feasibility and budget.

*Acceptance criteria*
* Candidates are filtered against opening hours, duration, capacity, travel feasibility and budget.
* A hard-constraint violation is blocked, or flagged explicitly before display - never hidden.
* A strict budget is not exceeded without an explicit warning and user approval.
* A stop is not scheduled outside known opening hours unless the business supports appointment exceptions.

*Subtasks*
* Implement the opening-hours feasibility check with exception support
* Implement the capacity and availability eligibility check
* Implement the travel-feasibility check using real routing data
* Implement the budget check with the strict-budget warning path
* Build the constraint-violation explanation format
* Write the eligibility test matrix covering each constraint independently

_BRD reference: FR-023, AC-04, BR-05, BR-06_","Highest","Planner","8","epic-aip","phase-2-ai-planner","planner","rules",""
"Sub-task","329","328","","Implement the opening-hours feasibility check with exception support","Subtask of: Implement hard eligibility filtering

_Epic: AI Trip Builder_","Highest","Planner","","epic-aip","phase-2-ai-planner","","",""
"Sub-task","330","328","","Implement the capacity and availability eligibility check","Subtask of: Implement hard eligibility filtering

_Epic: AI Trip Builder_","Highest","Planner","","epic-aip","phase-2-ai-planner","","",""
"Sub-task","331","328","","Implement the travel-feasibility check using real routing data","Subtask of: Implement hard eligibility filtering

_Epic: AI Trip Builder_","Highest","Planner","","epic-aip","phase-2-ai-planner","","",""
"Sub-task","332","328","","Implement the budget check with the strict-budget warning path","Subtask of: Implement hard eligibility filtering

_Epic: AI Trip Builder_","Highest","Planner","","epic-aip","phase-2-ai-planner","","",""
"Sub-task","333","328","","Build the constraint-violation explanation format","Subtask of: Implement hard eligibility filtering

_Epic: AI Trip Builder_","Highest","Planner","","epic-aip","phase-2-ai-planner","","",""
"Sub-task","334","328","","Write the eligibility test matrix covering each constraint independently","Subtask of: Implement hard eligibility filtering

_Epic: AI Trip Builder_","Highest","Planner","","epic-aip","phase-2-ai-planner","","",""
"Story","335","309","","Implement candidate ranking","Rank the eligible candidates against the user's stated preferences, with sponsored placement labelled and unable to bypass eligibility.

*Acceptance criteria*
* Ranking uses stated preferences, factual attributes and compatibility, not fabricated popularity.
* Sponsored placement is clearly labelled and cannot override a hard eligibility rule.
* Ranking weights are configurable and versioned.
* The same input produces the same ranking - the ranker is deterministic.

*Subtasks*
* Define the ranking feature set and weights
* Implement the deterministic scoring function
* Implement sponsored-placement injection with labelling and eligibility guard
* Make weights configurable through admin configuration
* Write ranking regression tests with a golden fixture set

_BRD reference: BRD S11, BR-10_","High","Planner","8","epic-aip","phase-2-ai-planner","ai","planner",""
"Sub-task","336","335","","Define the ranking feature set and weights","Subtask of: Implement candidate ranking

_Epic: AI Trip Builder_","High","Planner","","epic-aip","phase-2-ai-planner","","",""
"Sub-task","337","335","","Implement the deterministic scoring function","Subtask of: Implement candidate ranking

_Epic: AI Trip Builder_","High","Planner","","epic-aip","phase-2-ai-planner","","",""
"Sub-task","338","335","","Implement sponsored-placement injection with labelling and eligibility guard","Subtask of: Implement candidate ranking

_Epic: AI Trip Builder_","High","Planner","","epic-aip","phase-2-ai-planner","","",""
"Sub-task","339","335","","Make weights configurable through admin configuration","Subtask of: Implement candidate ranking

_Epic: AI Trip Builder_","High","Planner","","epic-aip","phase-2-ai-planner","","",""
"Sub-task","340","335","","Write ranking regression tests with a golden fixture set","Subtask of: Implement candidate ranking

_Epic: AI Trip Builder_","High","Planner","","epic-aip","phase-2-ai-planner","","",""
"Story","341","309","","Build the itinerary assembly and cost computation","Assemble the timeline and compute the total from stored price components. The model may explain the number; it may never produce it.

*Acceptance criteria*
* The itinerary shows timeline, total estimated cost, travel segments, stop durations and booking status.
* The total is computed from stored structured price components in backend code.
* Estimated and from-price components are labelled in the breakdown.
* A test asserts the displayed total equals the sum computed from the database.

*Subtasks*
* Implement the itinerary assembly service
* Implement the cost breakdown calculator over price components
* Build the itinerary timeline UI with travel segments
* Build the cost breakdown panel with per-component labelling
* Write the total-integrity test asserting no model involvement

_BRD reference: FR-025, BR-04, AC-03_","Highest","Planner","8","epic-aip","phase-2-ai-planner","planner","booking",""
"Sub-task","342","341","","Implement the itinerary assembly service","Subtask of: Build the itinerary assembly and cost computation

_Epic: AI Trip Builder_","Highest","Planner","","epic-aip","phase-2-ai-planner","","",""
"Sub-task","343","341","","Implement the cost breakdown calculator over price components","Subtask of: Build the itinerary assembly and cost computation

_Epic: AI Trip Builder_","Highest","Planner","","epic-aip","phase-2-ai-planner","","",""
"Sub-task","344","341","","Build the itinerary timeline UI with travel segments","Subtask of: Build the itinerary assembly and cost computation

_Epic: AI Trip Builder_","Highest","Planner","","epic-aip","phase-2-ai-planner","","",""
"Sub-task","345","341","","Build the cost breakdown panel with per-component labelling","Subtask of: Build the itinerary assembly and cost computation

_Epic: AI Trip Builder_","Highest","Planner","","epic-aip","phase-2-ai-planner","","",""
"Sub-task","346","341","","Write the total-integrity test asserting no model involvement","Subtask of: Build the itinerary assembly and cost computation

_Epic: AI Trip Builder_","Highest","Planner","","epic-aip","phase-2-ai-planner","","",""
"Story","347","309","","Implement stop locking and targeted regeneration","Let a user pin what they already love and ask for everything else to change.

*Acceptance criteria*
* A user can lock a stop and request changes to the rest of the plan.
* Locked stops are unchanged unless a feasibility conflict makes them impossible.
* Any forced change to a locked stop is explained explicitly.
* Regeneration recalculates time, route and cost for the whole plan.

*Subtasks*
* Add lock state to the itinerary model
* Pass locks as hard constraints into the solver
* Build the lock and unlock controls on the itinerary
* Implement the locked-stop conflict explanation
* Write tests covering lock plus infeasibility

_BRD reference: FR-026, AC-07_","Highest","Planner","8","epic-aip","phase-2-ai-planner","planner","traveller",""
"Sub-task","348","347","","Add lock state to the itinerary model","Subtask of: Implement stop locking and targeted regeneration

_Epic: AI Trip Builder_","Highest","Planner","","epic-aip","phase-2-ai-planner","","",""
"Sub-task","349","347","","Pass locks as hard constraints into the solver","Subtask of: Implement stop locking and targeted regeneration

_Epic: AI Trip Builder_","Highest","Planner","","epic-aip","phase-2-ai-planner","","",""
"Sub-task","350","347","","Build the lock and unlock controls on the itinerary","Subtask of: Implement stop locking and targeted regeneration

_Epic: AI Trip Builder_","Highest","Planner","","epic-aip","phase-2-ai-planner","","",""
"Sub-task","351","347","","Implement the locked-stop conflict explanation","Subtask of: Implement stop locking and targeted regeneration

_Epic: AI Trip Builder_","Highest","Planner","","epic-aip","phase-2-ai-planner","","",""
"Sub-task","352","347","","Write tests covering lock plus infeasibility","Subtask of: Implement stop locking and targeted regeneration

_Epic: AI Trip Builder_","Highest","Planner","","epic-aip","phase-2-ai-planner","","",""
"Story","353","309","","Implement single-stop replacement","Swap one stop for an alternative and recompute everything downstream before the user commits.

*Acceptance criteria*
* A user can replace a stop with alternatives that match the remaining constraints.
* Replacement recalculates downstream time, cost and route before confirmation.
* The alternatives list shows why each one fits.
* The user sees the delta in time and cost before accepting.

*Subtasks*
* Implement the alternatives query for a given slot
* Build the replace-stop panel with alternatives
* Implement downstream recalculation and the preview diff
* Implement accept and cancel for the proposed replacement

_BRD reference: FR-027, AC-07_","Highest","Planner","5","epic-aip","phase-2-ai-planner","planner","traveller",""
"Sub-task","354","353","","Implement the alternatives query for a given slot","Subtask of: Implement single-stop replacement

_Epic: AI Trip Builder_","Highest","Planner","","epic-aip","phase-2-ai-planner","","",""
"Sub-task","355","353","","Build the replace-stop panel with alternatives","Subtask of: Implement single-stop replacement

_Epic: AI Trip Builder_","Highest","Planner","","epic-aip","phase-2-ai-planner","","",""
"Sub-task","356","353","","Implement downstream recalculation and the preview diff","Subtask of: Implement single-stop replacement

_Epic: AI Trip Builder_","Highest","Planner","","epic-aip","phase-2-ai-planner","","",""
"Sub-task","357","353","","Implement accept and cancel for the proposed replacement","Subtask of: Implement single-stop replacement

_Epic: AI Trip Builder_","Highest","Planner","","epic-aip","phase-2-ai-planner","","",""
"Story","358","309","","Implement conversational trip refinement","Convert phrases like less driving or make it more romantic into structured preference changes, then revalidate the whole plan.

*Acceptance criteria*
* Free-text edits are converted into structured preference changes.
* The revised plan is revalidated against all hard constraints.
* The user sees what the system understood before the plan changes.
* An unparseable request asks for clarification rather than silently doing nothing.

*Subtasks*
* Define the refinement intent schema
* Write and version the refinement prompt
* Build the refinement chat panel on the trip editor
* Show the interpreted change for confirmation
* Handle unparseable refinements with a clarification

_BRD reference: FR-028_","Medium","Planner","8","epic-aip","phase-2-ai-planner","ai","planner",""
"Sub-task","359","358","","Define the refinement intent schema","Subtask of: Implement conversational trip refinement

_Epic: AI Trip Builder_","Medium","Planner","","epic-aip","phase-2-ai-planner","","",""
"Sub-task","360","358","","Write and version the refinement prompt","Subtask of: Implement conversational trip refinement

_Epic: AI Trip Builder_","Medium","Planner","","epic-aip","phase-2-ai-planner","","",""
"Sub-task","361","358","","Build the refinement chat panel on the trip editor","Subtask of: Implement conversational trip refinement

_Epic: AI Trip Builder_","Medium","Planner","","epic-aip","phase-2-ai-planner","","",""
"Sub-task","362","358","","Show the interpreted change for confirmation","Subtask of: Implement conversational trip refinement

_Epic: AI Trip Builder_","Medium","Planner","","epic-aip","phase-2-ai-planner","","",""
"Sub-task","363","358","","Handle unparseable refinements with a clarification","Subtask of: Implement conversational trip refinement

_Epic: AI Trip Builder_","Medium","Planner","","epic-aip","phase-2-ai-planner","","",""
"Story","364","309","","Build recommendation explanations with RAG","Explain why each stop is there, grounded in the user's stated preferences and factual attributes only.

*Acceptance criteria*
* Explanations reference user preferences and factual entity attributes.
* No explanation exposes model internals, scores or private data.
* Explanations are generated from retrieved verified content, not from model memory.
* An explanation never contains a price, time or total that contradicts the structured plan.

*Subtasks*
* Build the RAG retrieval over verified business content
* Write and version the explanation prompt with grounding constraints
* Implement the contradiction check between explanation and structured plan
* Build the explanation UI on each stop

_BRD reference: FR-029, BR-04_","Medium","Planner","5","epic-aip","phase-2-ai-planner","ai","planner",""
"Sub-task","365","364","","Build the RAG retrieval over verified business content","Subtask of: Build recommendation explanations with RAG

_Epic: AI Trip Builder_","Medium","Planner","","epic-aip","phase-2-ai-planner","","",""
"Sub-task","366","364","","Write and version the explanation prompt with grounding constraints","Subtask of: Build recommendation explanations with RAG

_Epic: AI Trip Builder_","Medium","Planner","","epic-aip","phase-2-ai-planner","","",""
"Sub-task","367","364","","Implement the contradiction check between explanation and structured plan","Subtask of: Build recommendation explanations with RAG

_Epic: AI Trip Builder_","Medium","Planner","","epic-aip","phase-2-ai-planner","","",""
"Sub-task","368","364","","Build the explanation UI on each stop","Subtask of: Build recommendation explanations with RAG

_Epic: AI Trip Builder_","Medium","Planner","","epic-aip","phase-2-ai-planner","","",""
"Story","369","309","","Persist itinerary versions for auditability","Every AI-generated version is stored before booking, so the plan that was booked can always be reconstructed.

*Acceptance criteria*
* Each generated or edited itinerary version is persisted with its constraints and inputs.
* A booking references the exact itinerary version it was made from.
* Version history is viewable by the user and by admin support.
* Versions are immutable once written.

*Subtasks*
* Model itinerary versions with immutable snapshots
* Persist the constraint object and retrieval inputs per version
* Link bookings to itinerary versions
* Build the version history view
* Write immutability tests

_BRD reference: BR-19, BR-25_","High","Planner","5","epic-aip","phase-2-ai-planner","planner","audit",""
"Sub-task","370","369","","Model itinerary versions with immutable snapshots","Subtask of: Persist itinerary versions for auditability

_Epic: AI Trip Builder_","High","Planner","","epic-aip","phase-2-ai-planner","","",""
"Sub-task","371","369","","Persist the constraint object and retrieval inputs per version","Subtask of: Persist itinerary versions for auditability

_Epic: AI Trip Builder_","High","Planner","","epic-aip","phase-2-ai-planner","","",""
"Sub-task","372","369","","Link bookings to itinerary versions","Subtask of: Persist itinerary versions for auditability

_Epic: AI Trip Builder_","High","Planner","","epic-aip","phase-2-ai-planner","","",""
"Sub-task","373","369","","Build the version history view","Subtask of: Persist itinerary versions for auditability

_Epic: AI Trip Builder_","High","Planner","","epic-aip","phase-2-ai-planner","","",""
"Sub-task","374","369","","Write immutability tests","Subtask of: Persist itinerary versions for auditability

_Epic: AI Trip Builder_","High","Planner","","epic-aip","phase-2-ai-planner","","",""
"Story","375","309","","Build the AI failure fallback path","When the model provider is down, the product still works - it just works without natural language.

*Acceptance criteria*
* AI provider failure falls back to structured filter-based planning.
* The fallback never corrupts persisted state or leaves a half-written plan.
* The user is told plainly that the natural-language path is unavailable.
* The fallback is exercised by an automated test and by a documented manual drill.

*Subtasks*
* Implement provider timeout, retry and circuit-breaker policy
* Implement the structured-only planning fallback
* Ensure transactional integrity across the fallback boundary
* Build the degraded-mode user messaging
* Add a fault-injection test for provider failure

_BRD reference: AC-13, BRD S18_","Highest","Planner","5","epic-aip","phase-2-ai-planner","ai","resilience",""
"Sub-task","376","375","","Implement provider timeout, retry and circuit-breaker policy","Subtask of: Build the AI failure fallback path

_Epic: AI Trip Builder_","Highest","Planner","","epic-aip","phase-2-ai-planner","","",""
"Sub-task","377","375","","Implement the structured-only planning fallback","Subtask of: Build the AI failure fallback path

_Epic: AI Trip Builder_","Highest","Planner","","epic-aip","phase-2-ai-planner","","",""
"Sub-task","378","375","","Ensure transactional integrity across the fallback boundary","Subtask of: Build the AI failure fallback path

_Epic: AI Trip Builder_","Highest","Planner","","epic-aip","phase-2-ai-planner","","",""
"Sub-task","379","375","","Build the degraded-mode user messaging","Subtask of: Build the AI failure fallback path

_Epic: AI Trip Builder_","Highest","Planner","","epic-aip","phase-2-ai-planner","","",""
"Sub-task","380","375","","Add a fault-injection test for provider failure","Subtask of: Build the AI failure fallback path

_Epic: AI Trip Builder_","Highest","Planner","","epic-aip","phase-2-ai-planner","","",""
"Story","381","309","","Build prompt-injection and output-safety guards","User text and business-written descriptions both reach the model. Neither may be allowed to change what the system does.

*Acceptance criteria*
* Business descriptions and user input are treated as data, never as instructions.
* The model cannot trigger a booking, a payment or a price change through its output.
* Model output is schema-validated before it influences any state.
* Injection attempts are logged and surfaced in the admin health dashboard.

*Subtasks*
* Implement input and retrieved-content isolation in the prompt structure
* Restrict the model to read-only tool surfaces
* Add strict output schema validation at every model boundary
* Build the injection-attempt test suite
* Log and alert on suspected injection patterns

_BRD reference: BRD S16, BR-04_","Highest","Planner","5","epic-aip","phase-2-ai-planner","ai","security",""
"Sub-task","382","381","","Implement input and retrieved-content isolation in the prompt structure","Subtask of: Build prompt-injection and output-safety guards

_Epic: AI Trip Builder_","Highest","Planner","","epic-aip","phase-2-ai-planner","","",""
"Sub-task","383","381","","Restrict the model to read-only tool surfaces","Subtask of: Build prompt-injection and output-safety guards

_Epic: AI Trip Builder_","Highest","Planner","","epic-aip","phase-2-ai-planner","","",""
"Sub-task","384","381","","Add strict output schema validation at every model boundary","Subtask of: Build prompt-injection and output-safety guards

_Epic: AI Trip Builder_","Highest","Planner","","epic-aip","phase-2-ai-planner","","",""
"Sub-task","385","381","","Build the injection-attempt test suite","Subtask of: Build prompt-injection and output-safety guards

_Epic: AI Trip Builder_","Highest","Planner","","epic-aip","phase-2-ai-planner","","",""
"Sub-task","386","381","","Log and alert on suspected injection patterns","Subtask of: Build prompt-injection and output-safety guards

_Epic: AI Trip Builder_","Highest","Planner","","epic-aip","phase-2-ai-planner","","",""
"Epic","387","","Availability, Booking & Payments","Availability, Booking & Payments","Where a plan becomes a commitment and money becomes involved. Snapshots, idempotency and reconciliation are non-negotiable here.

*Phase:* Phase 3 - Booking
*Stories in this epic:* 12","High","Booking","","epic-bkg","phase-3-booking","","",""
"Story","388","387","","Implement the three booking modes","Instant confirm, request to book and inquiry only - with the mode visible before the traveller commits to anything.

*Acceptance criteria*
* A business can configure each experience as instant confirm, request to book or inquiry only.
* The mode is shown to the traveller before any commitment step.
* Instant confirm is only selectable when the business maintains authoritative capacity.
* The product keeps a clear distinction between a suggestion, a request and a confirmed booking.

*Subtasks*
* Add the booking-mode field and its business-side editor
* Gate instant confirm on authoritative-capacity configuration
* Surface the mode on listing, itinerary and checkout
* Implement the three distinct commitment flows

_BRD reference: FR-040, BR-07, BR-25_","Highest","Booking","5","epic-bkg","phase-3-booking","booking","",""
"Sub-task","389","388","","Add the booking-mode field and its business-side editor","Subtask of: Implement the three booking modes

_Epic: Availability, Booking & Payments_","Highest","Booking","","epic-bkg","phase-3-booking","","",""
"Sub-task","390","388","","Gate instant confirm on authoritative-capacity configuration","Subtask of: Implement the three booking modes

_Epic: Availability, Booking & Payments_","Highest","Booking","","epic-bkg","phase-3-booking","","",""
"Sub-task","391","388","","Surface the mode on listing, itinerary and checkout","Subtask of: Implement the three booking modes

_Epic: Availability, Booking & Payments_","Highest","Booking","","epic-bkg","phase-3-booking","","",""
"Sub-task","392","388","","Implement the three distinct commitment flows","Subtask of: Implement the three booking modes

_Epic: Availability, Booking & Payments_","Highest","Booking","","epic-bkg","phase-3-booking","","",""
"Story","393","387","","Implement overbooking prevention with database-level guarantees","Two travellers clicking at the same second must not both get the last place. Enforce it in Postgres, not in application logic.

*Acceptance criteria*
* Concurrent booking attempts on the last slot produce exactly one success.
* Capacity is enforced by a transactional check or an EXCLUDE constraint, not by a read-then-write.
* A concurrency test with parallel requests proves no oversell.
* Failure to secure capacity returns a clear, actionable message.

*Subtasks*
* Implement the capacity constraint with btree_gist EXCLUDE where applicable
* Implement the transactional hold-then-commit path
* Write the parallel-request concurrency test
* Implement hold expiry for abandoned checkouts
* Build the capacity-unavailable user messaging

_BRD reference: FR-041, BR-07_","Highest","Booking","8","epic-bkg","phase-3-booking","booking","database",""
"Sub-task","394","393","","Implement the capacity constraint with btree_gist EXCLUDE where applicable","Subtask of: Implement overbooking prevention with database-level guarantees

_Epic: Availability, Booking & Payments_","Highest","Booking","","epic-bkg","phase-3-booking","","",""
"Sub-task","395","393","","Implement the transactional hold-then-commit path","Subtask of: Implement overbooking prevention with database-level guarantees

_Epic: Availability, Booking & Payments_","Highest","Booking","","epic-bkg","phase-3-booking","","",""
"Sub-task","396","393","","Write the parallel-request concurrency test","Subtask of: Implement overbooking prevention with database-level guarantees

_Epic: Availability, Booking & Payments_","Highest","Booking","","epic-bkg","phase-3-booking","","",""
"Sub-task","397","393","","Implement hold expiry for abandoned checkouts","Subtask of: Implement overbooking prevention with database-level guarantees

_Epic: Availability, Booking & Payments_","Highest","Booking","","epic-bkg","phase-3-booking","","",""
"Sub-task","398","393","","Build the capacity-unavailable user messaging","Subtask of: Implement overbooking prevention with database-level guarantees

_Epic: Availability, Booking & Payments_","Highest","Booking","","epic-bkg","phase-3-booking","","",""
"Story","399","387","","Implement the booking state machine","Draft, pending, confirmed, rejected, cancelled, completed, refunded - with invalid transitions blocked and every move audited.

*Acceptance criteria*
* All seven states exist and every transition is explicitly allowed or blocked.
* An invalid transition raises an error and changes nothing.
* Every transition records actor, timestamp, reason and correlation ID.
* The state timeline is visible to the traveller, the business and admin.

*Subtasks*
* Define the state machine and its transition table
* Implement transition guards at the service layer
* Implement the booking audit timeline
* Write exhaustive transition tests including every blocked path
* Build the timeline UI component shared across surfaces

_BRD reference: FR-043, AC-11, BR-25_","Highest","Booking","8","epic-bkg","phase-3-booking","booking","",""
"Sub-task","400","399","","Define the state machine and its transition table","Subtask of: Implement the booking state machine

_Epic: Availability, Booking & Payments_","Highest","Booking","","epic-bkg","phase-3-booking","","",""
"Sub-task","401","399","","Implement transition guards at the service layer","Subtask of: Implement the booking state machine

_Epic: Availability, Booking & Payments_","Highest","Booking","","epic-bkg","phase-3-booking","","",""
"Sub-task","402","399","","Implement the booking audit timeline","Subtask of: Implement the booking state machine

_Epic: Availability, Booking & Payments_","Highest","Booking","","epic-bkg","phase-3-booking","","",""
"Sub-task","403","399","","Write exhaustive transition tests including every blocked path","Subtask of: Implement the booking state machine

_Epic: Availability, Booking & Payments_","Highest","Booking","","epic-bkg","phase-3-booking","","",""
"Sub-task","404","399","","Build the timeline UI component shared across surfaces","Subtask of: Implement the booking state machine

_Epic: Availability, Booking & Payments_","Highest","Booking","","epic-bkg","phase-3-booking","","",""
"Story","405","387","","Implement price and policy snapshots","A booking freezes the price and the cancellation policy as they were at the moment of commitment.

*Acceptance criteria*
* A booking stores an immutable snapshot of price components and cancellation policy.
* A later price or policy change by the business does not affect an existing booking.
* The snapshot is what the confirmation, the refund calculation and any dispute reference.
* A test proves a policy edit after booking leaves the booking's terms unchanged.

*Subtasks*
* Model the snapshot structures as immutable JSON columns
* Capture snapshots at the commitment transaction
* Use the snapshot in confirmation rendering and refund computation
* Write the post-booking-edit immutability test

_BRD reference: FR-042, BR-12, AC-11_","Highest","Booking","5","epic-bkg","phase-3-booking","booking","trust",""
"Sub-task","406","405","","Model the snapshot structures as immutable JSON columns","Subtask of: Implement price and policy snapshots

_Epic: Availability, Booking & Payments_","Highest","Booking","","epic-bkg","phase-3-booking","","",""
"Sub-task","407","405","","Capture snapshots at the commitment transaction","Subtask of: Implement price and policy snapshots

_Epic: Availability, Booking & Payments_","Highest","Booking","","epic-bkg","phase-3-booking","","",""
"Sub-task","408","405","","Use the snapshot in confirmation rendering and refund computation","Subtask of: Implement price and policy snapshots

_Epic: Availability, Booking & Payments_","Highest","Booking","","epic-bkg","phase-3-booking","","",""
"Sub-task","409","405","","Write the post-booking-edit immutability test","Subtask of: Implement price and policy snapshots

_Epic: Availability, Booking & Payments_","Highest","Booking","","epic-bkg","phase-3-booking","","",""
"Story","410","387","","Build the checkout flow","From listing or itinerary to a committed booking, with party size, date, price and policy all confirmed before money is discussed.

*Acceptance criteria*
* A user can book from a listing page and from within an itinerary.
* Checkout captures party size, date and time, and shows the price and policy before commitment.
* A payment request is created only after the backend validates price, availability and booking state.
* The flow works at 390px and in all three languages.

*Subtasks*
* Build the checkout screens for all three booking modes
* Implement server-side pre-payment validation
* Implement the booking draft and hold lifecycle
* Build the review-and-confirm step with the full breakdown
* Localise and RTL-test the checkout flow

_BRD reference: FR-042, FR-044, AC-11_","Highest","Booking","8","epic-bkg","phase-3-booking","booking","traveller",""
"Sub-task","411","410","","Build the checkout screens for all three booking modes","Subtask of: Build the checkout flow

_Epic: Availability, Booking & Payments_","Highest","Booking","","epic-bkg","phase-3-booking","","",""
"Sub-task","412","410","","Implement server-side pre-payment validation","Subtask of: Build the checkout flow

_Epic: Availability, Booking & Payments_","Highest","Booking","","epic-bkg","phase-3-booking","","",""
"Sub-task","413","410","","Implement the booking draft and hold lifecycle","Subtask of: Build the checkout flow

_Epic: Availability, Booking & Payments_","Highest","Booking","","epic-bkg","phase-3-booking","","",""
"Sub-task","414","410","","Build the review-and-confirm step with the full breakdown","Subtask of: Build the checkout flow

_Epic: Availability, Booking & Payments_","Highest","Booking","","epic-bkg","phase-3-booking","","",""
"Sub-task","415","410","","Localise and RTL-test the checkout flow","Subtask of: Build the checkout flow

_Epic: Availability, Booking & Payments_","Highest","Booking","","epic-bkg","phase-3-booking","","",""
"Story","416","387","","Build the payment provider abstraction","Lebanon is not a supported Stripe country. Stripe test mode can carry the academic demo, but the interface has to assume it will be replaced.

*Acceptance criteria*
* Payments go through a provider interface; no Stripe type appears in domain code.
* Provider-specific identifiers are stored separately from business booking identifiers.
* A second provider can be added without changing the booking service.
* The production-provider decision and its constraints are documented for the pilot phase.

*Subtasks*
* Define the payment provider interface and domain types
* Implement the Stripe test-mode adapter
* Separate provider references from booking references in the schema
* Write a stub second adapter proving the abstraction holds
* Document the Lebanon payment-provider constraint and candidate options

_BRD reference: FR-045, BRD S26_","Highest","Booking","8","epic-bkg","phase-3-booking","payments","architecture",""
"Sub-task","417","416","","Define the payment provider interface and domain types","Subtask of: Build the payment provider abstraction

_Epic: Availability, Booking & Payments_","Highest","Booking","","epic-bkg","phase-3-booking","","",""
"Sub-task","418","416","","Implement the Stripe test-mode adapter","Subtask of: Build the payment provider abstraction

_Epic: Availability, Booking & Payments_","Highest","Booking","","epic-bkg","phase-3-booking","","",""
"Sub-task","419","416","","Separate provider references from booking references in the schema","Subtask of: Build the payment provider abstraction

_Epic: Availability, Booking & Payments_","Highest","Booking","","epic-bkg","phase-3-booking","","",""
"Sub-task","420","416","","Write a stub second adapter proving the abstraction holds","Subtask of: Build the payment provider abstraction

_Epic: Availability, Booking & Payments_","Highest","Booking","","epic-bkg","phase-3-booking","","",""
"Sub-task","421","416","","Document the Lebanon payment-provider constraint and candidate options","Subtask of: Build the payment provider abstraction

_Epic: Availability, Booking & Payments_","Highest","Booking","","epic-bkg","phase-3-booking","","",""
"Story","422","387","","Implement webhook verification and reconciliation","Payment succeeded does not mean booking confirmed. The two have to be reconciled, and the webhook has to be proven genuine.

*Acceptance criteria*
* Webhook signatures are verified; unverified payloads are rejected and logged.
* Webhook handling is idempotent - a replayed event changes nothing twice.
* A payment success with a failed booking is detected and resolved by reconciliation.
* Mismatches appear in an operations queue rather than failing silently.

*Subtasks*
* Implement signature verification for the Stripe adapter
* Implement idempotent webhook processing with an event log
* Build the reconciliation job for payment and booking mismatches
* Build the operations reconciliation queue
* Write replay and mismatch tests

_BRD reference: FR-045, FR-048, BR-14, AC-12_","Highest","Booking","8","epic-bkg","phase-3-booking","payments","security",""
"Sub-task","423","422","","Implement signature verification for the Stripe adapter","Subtask of: Implement webhook verification and reconciliation

_Epic: Availability, Booking & Payments_","Highest","Booking","","epic-bkg","phase-3-booking","","",""
"Sub-task","424","422","","Implement idempotent webhook processing with an event log","Subtask of: Implement webhook verification and reconciliation

_Epic: Availability, Booking & Payments_","Highest","Booking","","epic-bkg","phase-3-booking","","",""
"Sub-task","425","422","","Build the reconciliation job for payment and booking mismatches","Subtask of: Implement webhook verification and reconciliation

_Epic: Availability, Booking & Payments_","Highest","Booking","","epic-bkg","phase-3-booking","","",""
"Sub-task","426","422","","Build the operations reconciliation queue","Subtask of: Implement webhook verification and reconciliation

_Epic: Availability, Booking & Payments_","Highest","Booking","","epic-bkg","phase-3-booking","","",""
"Sub-task","427","422","","Write replay and mismatch tests","Subtask of: Implement webhook verification and reconciliation

_Epic: Availability, Booking & Payments_","Highest","Booking","","epic-bkg","phase-3-booking","","",""
"Story","428","387","","Implement idempotency across booking and payment writes","A double-click, a retry or a flaky network must not produce two reservations or two charges.

*Acceptance criteria*
* Booking and payment operations accept and enforce an idempotency key.
* A repeated request with the same key returns the original result without a second side effect.
* Keys expire on a documented schedule.
* A test simulates duplicate submission and asserts a single booking and a single charge.

*Subtasks*
* Add the idempotency key store with TTL
* Enforce idempotency in the booking commitment endpoint
* Enforce idempotency in the payment intent endpoint
* Write duplicate-submission tests for both paths

_BRD reference: BR-13, FR-048_","Highest","Booking","5","epic-bkg","phase-3-booking","booking","payments",""
"Sub-task","429","428","","Add the idempotency key store with TTL","Subtask of: Implement idempotency across booking and payment writes

_Epic: Availability, Booking & Payments_","Highest","Booking","","epic-bkg","phase-3-booking","","",""
"Sub-task","430","428","","Enforce idempotency in the booking commitment endpoint","Subtask of: Implement idempotency across booking and payment writes

_Epic: Availability, Booking & Payments_","Highest","Booking","","epic-bkg","phase-3-booking","","",""
"Sub-task","431","428","","Enforce idempotency in the payment intent endpoint","Subtask of: Implement idempotency across booking and payment writes

_Epic: Availability, Booking & Payments_","Highest","Booking","","epic-bkg","phase-3-booking","","",""
"Sub-task","432","428","","Write duplicate-submission tests for both paths","Subtask of: Implement idempotency across booking and payment writes

_Epic: Availability, Booking & Payments_","Highest","Booking","","epic-bkg","phase-3-booking","","",""
"Story","433","387","","Implement the outbox pattern for reliable side effects","A booking confirmation must not be lost because an email provider was down at the wrong moment.

*Acceptance criteria*
* Side effects are written to an outbox in the same transaction as the state change.
* A worker publishes outbox entries with retry and backoff.
* A failed side effect never rolls back or duplicates the business transaction.
* Outbox depth and failure rate are observable.

*Subtasks*
* Implement the outbox table and transactional write
* Build the outbox publisher worker with retry and dead-lettering
* Wire booking events into the outbox
* Add outbox depth and failure metrics to monitoring

_BRD reference: FR-080, FR-083, migration 004_","High","Booking","5","epic-bkg","phase-3-booking","booking","architecture",""
"Sub-task","434","433","","Implement the outbox table and transactional write","Subtask of: Implement the outbox pattern for reliable side effects

_Epic: Availability, Booking & Payments_","High","Booking","","epic-bkg","phase-3-booking","","",""
"Sub-task","435","433","","Build the outbox publisher worker with retry and dead-lettering","Subtask of: Implement the outbox pattern for reliable side effects

_Epic: Availability, Booking & Payments_","High","Booking","","epic-bkg","phase-3-booking","","",""
"Sub-task","436","433","","Wire booking events into the outbox","Subtask of: Implement the outbox pattern for reliable side effects

_Epic: Availability, Booking & Payments_","High","Booking","","epic-bkg","phase-3-booking","","",""
"Sub-task","437","433","","Add outbox depth and failure metrics to monitoring","Subtask of: Implement the outbox pattern for reliable side effects

_Epic: Availability, Booking & Payments_","High","Booking","","epic-bkg","phase-3-booking","","",""
"Story","438","387","","Implement cancellation and refund eligibility","Eligibility is computed from the policy snapshot on the booking, not from whatever the policy says today.

*Acceptance criteria*
* Cancellation eligibility and any refund amount are computed from the booking's policy snapshot.
* A traveller sees the exact consequence before confirming a cancellation.
* A business cancellation requires a reason and triggers the refund or alternative workflow.
* Refund state is reflected in the booking state machine and in notifications.

*Subtasks*
* Implement the policy evaluation engine over snapshots
* Build the traveller cancellation flow with consequence preview
* Build the business cancellation flow with reason capture
* Implement refund initiation through the provider interface
* Write policy-evaluation tests across the full window matrix

_BRD reference: FR-047, BR-16, BR-15_","High","Booking","8","epic-bkg","phase-3-booking","booking","payments",""
"Sub-task","439","438","","Implement the policy evaluation engine over snapshots","Subtask of: Implement cancellation and refund eligibility

_Epic: Availability, Booking & Payments_","High","Booking","","epic-bkg","phase-3-booking","","",""
"Sub-task","440","438","","Build the traveller cancellation flow with consequence preview","Subtask of: Implement cancellation and refund eligibility

_Epic: Availability, Booking & Payments_","High","Booking","","epic-bkg","phase-3-booking","","",""
"Sub-task","441","438","","Build the business cancellation flow with reason capture","Subtask of: Implement cancellation and refund eligibility

_Epic: Availability, Booking & Payments_","High","Booking","","epic-bkg","phase-3-booking","","",""
"Sub-task","442","438","","Implement refund initiation through the provider interface","Subtask of: Implement cancellation and refund eligibility

_Epic: Availability, Booking & Payments_","High","Booking","","epic-bkg","phase-3-booking","","",""
"Sub-task","443","438","","Write policy-evaluation tests across the full window matrix","Subtask of: Implement cancellation and refund eligibility

_Epic: Availability, Booking & Payments_","High","Booking","","epic-bkg","phase-3-booking","","",""
"Story","444","387","","Build booking confirmations","An itemised confirmation generated from persisted data, in the user's language.

*Acceptance criteria*
* The confirmation itemises the booking, the price breakdown and the policies.
* It is generated from persisted booking and payment records, never from generated text.
* It is delivered by email and in-app and is retrievable later from the bookings list.
* It renders correctly in Arabic RTL.

*Subtasks*
* Build the confirmation document template in three languages
* Generate confirmations from persisted records only
* Deliver by email and in-app through the outbox
* Make confirmations retrievable from the bookings list

_BRD reference: FR-046, AC-11_","Highest","Booking","3","epic-bkg","phase-3-booking","booking","notifications",""
"Sub-task","445","444","","Build the confirmation document template in three languages","Subtask of: Build booking confirmations

_Epic: Availability, Booking & Payments_","Highest","Booking","","epic-bkg","phase-3-booking","","",""
"Sub-task","446","444","","Generate confirmations from persisted records only","Subtask of: Build booking confirmations

_Epic: Availability, Booking & Payments_","Highest","Booking","","epic-bkg","phase-3-booking","","",""
"Sub-task","447","444","","Deliver by email and in-app through the outbox","Subtask of: Build booking confirmations

_Epic: Availability, Booking & Payments_","Highest","Booking","","epic-bkg","phase-3-booking","","",""
"Sub-task","448","444","","Make confirmations retrievable from the bookings list","Subtask of: Build booking confirmations

_Epic: Availability, Booking & Payments_","Highest","Booking","","epic-bkg","phase-3-booking","","",""
"Story","449","387","","Prove that failed payments never produce confirmed bookings","The specific failure the BRD calls out: a timed-out or failed payment must not leave a confirmed paid booking behind.

*Acceptance criteria*
* A failed payment leaves the booking unconfirmed and the capacity released.
* A timed-out payment resolves deterministically through reconciliation.
* No code path can confirm a booking without a verified successful payment for paid inventory.
* Fault-injection tests cover failure, timeout and late-success cases.

*Subtasks*
* Write the fault-injection harness for payment outcomes
* Test the failed-payment path end to end
* Test the timeout-then-late-success path
* Verify capacity release on every failure path

_BRD reference: FR-048, AC-12, BR-14_","Highest","Booking","5","epic-bkg","phase-3-booking","payments","testing",""
"Sub-task","450","449","","Write the fault-injection harness for payment outcomes","Subtask of: Prove that failed payments never produce confirmed bookings

_Epic: Availability, Booking & Payments_","Highest","Booking","","epic-bkg","phase-3-booking","","",""
"Sub-task","451","449","","Test the failed-payment path end to end","Subtask of: Prove that failed payments never produce confirmed bookings

_Epic: Availability, Booking & Payments_","Highest","Booking","","epic-bkg","phase-3-booking","","",""
"Sub-task","452","449","","Test the timeout-then-late-success path","Subtask of: Prove that failed payments never produce confirmed bookings

_Epic: Availability, Booking & Payments_","Highest","Booking","","epic-bkg","phase-3-booking","","",""
"Sub-task","453","449","","Verify capacity release on every failure path","Subtask of: Prove that failed payments never produce confirmed bookings

_Epic: Availability, Booking & Payments_","Highest","Booking","","epic-bkg","phase-3-booking","","",""
"Epic","454","","Notifications & Messaging","Notifications & Messaging","Transactional messages that are triggered by persisted events, retryable, observable, and kept strictly separate from marketing.

*Phase:* Phase 3 - Booking
*Stories in this epic:* 5","High","Platform","","epic-ntf","phase-3-booking","","",""
"Story","455","454","","Build the notification service and channel abstraction","One service, multiple channels, every message driven by a persisted event.

*Acceptance criteria*
* Notifications are triggered by persisted events through the outbox, never fired inline.
* Email and in-app channels are implemented behind a shared interface.
* Delivery attempts, failures and retries are recorded per notification.
* A failed delivery never duplicates the underlying booking or payment action.

*Subtasks*
* Define the notification event taxonomy
* Implement the notification service and channel interface
* Implement the email adapter with templating
* Implement the in-app notification store and feed
* Record delivery attempts and outcomes

_BRD reference: FR-080, FR-083_","High","Platform","5","epic-ntf","phase-3-booking","notifications","architecture",""
"Sub-task","456","455","","Define the notification event taxonomy","Subtask of: Build the notification service and channel abstraction

_Epic: Notifications & Messaging_","High","Platform","","epic-ntf","phase-3-booking","","",""
"Sub-task","457","455","","Implement the notification service and channel interface","Subtask of: Build the notification service and channel abstraction

_Epic: Notifications & Messaging_","High","Platform","","epic-ntf","phase-3-booking","","",""
"Sub-task","458","455","","Implement the email adapter with templating","Subtask of: Build the notification service and channel abstraction

_Epic: Notifications & Messaging_","High","Platform","","epic-ntf","phase-3-booking","","",""
"Sub-task","459","455","","Implement the in-app notification store and feed","Subtask of: Build the notification service and channel abstraction

_Epic: Notifications & Messaging_","High","Platform","","epic-ntf","phase-3-booking","","",""
"Sub-task","460","455","","Record delivery attempts and outcomes","Subtask of: Build the notification service and channel abstraction

_Epic: Notifications & Messaging_","High","Platform","","epic-ntf","phase-3-booking","","",""
"Story","461","454","","Build traveller transactional notifications","Booking requested, confirmed, rejected, cancelled, payment status and material itinerary changes.

*Acceptance criteria*
* Each listed event produces a notification in the user's language.
* Every notification links directly to the relevant booking or trip.
* Material itinerary changes made by the platform are notified, not silently applied.
* Users can see the full notification history at /notifications.

*Subtasks*
* Build templates for each traveller event in three languages
* Wire booking lifecycle events to notifications
* Implement the material-change detection for itineraries
* Build the in-app notification feed with read state

_BRD reference: FR-080_","High","Platform","5","epic-ntf","phase-3-booking","notifications","traveller",""
"Sub-task","462","461","","Build templates for each traveller event in three languages","Subtask of: Build traveller transactional notifications

_Epic: Notifications & Messaging_","High","Platform","","epic-ntf","phase-3-booking","","",""
"Sub-task","463","461","","Wire booking lifecycle events to notifications","Subtask of: Build traveller transactional notifications

_Epic: Notifications & Messaging_","High","Platform","","epic-ntf","phase-3-booking","","",""
"Sub-task","464","461","","Implement the material-change detection for itineraries","Subtask of: Build traveller transactional notifications

_Epic: Notifications & Messaging_","High","Platform","","epic-ntf","phase-3-booking","","",""
"Sub-task","465","461","","Build the in-app notification feed with read state","Subtask of: Build traveller transactional notifications

_Epic: Notifications & Messaging_","High","Platform","","epic-ntf","phase-3-booking","","",""
"Story","466","454","","Build business notifications","A new request that sits unanswered is lost revenue, so the business hears about it immediately and can act in one click.

*Acceptance criteria*
* A business is notified of new booking requests and other time-sensitive actions.
* Every notification contains a direct link to the relevant booking.
* Notification preferences are configurable per staff role.
* An unanswered request escalates on a configurable schedule.

*Subtasks*
* Build business notification templates
* Wire request events to business notifications with deep links
* Implement per-role notification preferences
* Implement the unanswered-request escalation

_BRD reference: FR-081_","High","Platform","3","epic-ntf","phase-3-booking","notifications","business",""
"Sub-task","467","466","","Build business notification templates","Subtask of: Build business notifications

_Epic: Notifications & Messaging_","High","Platform","","epic-ntf","phase-3-booking","","",""
"Sub-task","468","466","","Wire request events to business notifications with deep links","Subtask of: Build business notifications

_Epic: Notifications & Messaging_","High","Platform","","epic-ntf","phase-3-booking","","",""
"Sub-task","469","466","","Implement per-role notification preferences","Subtask of: Build business notifications

_Epic: Notifications & Messaging_","High","Platform","","epic-ntf","phase-3-booking","","",""
"Sub-task","470","466","","Implement the unanswered-request escalation","Subtask of: Build business notifications

_Epic: Notifications & Messaging_","High","Platform","","epic-ntf","phase-3-booking","","",""
"Story","471","454","","Separate marketing from transactional communication","A user can opt out of marketing and still receive the email that tells them their booking was rejected.

*Acceptance criteria*
* Marketing and transactional messages use separate consent flags.
* Opting out of marketing never suppresses a transactional message.
* Consent state and its change history are stored per user.
* Every marketing message carries a working unsubscribe.

*Subtasks*
* Model marketing and transactional consent separately
* Build the communication preferences screen
* Enforce the consent check at send time
* Implement unsubscribe handling and its audit trail

_BRD reference: FR-082_","High","Platform","3","epic-ntf","phase-3-booking","notifications","privacy",""
"Sub-task","472","471","","Model marketing and transactional consent separately","Subtask of: Separate marketing from transactional communication

_Epic: Notifications & Messaging_","High","Platform","","epic-ntf","phase-3-booking","","",""
"Sub-task","473","471","","Build the communication preferences screen","Subtask of: Separate marketing from transactional communication

_Epic: Notifications & Messaging_","High","Platform","","epic-ntf","phase-3-booking","","",""
"Sub-task","474","471","","Enforce the consent check at send time","Subtask of: Separate marketing from transactional communication

_Epic: Notifications & Messaging_","High","Platform","","epic-ntf","phase-3-booking","","",""
"Sub-task","475","471","","Implement unsubscribe handling and its audit trail","Subtask of: Separate marketing from transactional communication

_Epic: Notifications & Messaging_","High","Platform","","epic-ntf","phase-3-booking","","",""
"Story","476","454","","Make notification delivery observable and retryable","Failures should be visible in a dashboard, not discovered by a complaining customer.

*Acceptance criteria*
* Delivery failures are visible in the admin health dashboard.
* Failed notifications retry with backoff and dead-letter after a documented limit.
* Retrying a notification never repeats the booking or payment action behind it.
* Delivery rate and failure rate are tracked per channel.

*Subtasks*
* Implement retry with exponential backoff and dead-lettering
* Build the notification health panel in admin
* Add per-channel delivery metrics
* Implement manual resend from admin with an audit entry

_BRD reference: FR-083_","Medium","Platform","3","epic-ntf","phase-3-booking","notifications","observability",""
"Sub-task","477","476","","Implement retry with exponential backoff and dead-lettering","Subtask of: Make notification delivery observable and retryable

_Epic: Notifications & Messaging_","Medium","Platform","","epic-ntf","phase-3-booking","","",""
"Sub-task","478","476","","Build the notification health panel in admin","Subtask of: Make notification delivery observable and retryable

_Epic: Notifications & Messaging_","Medium","Platform","","epic-ntf","phase-3-booking","","",""
"Sub-task","479","476","","Add per-channel delivery metrics","Subtask of: Make notification delivery observable and retryable

_Epic: Notifications & Messaging_","Medium","Platform","","epic-ntf","phase-3-booking","","",""
"Sub-task","480","476","","Implement manual resend from admin with an audit entry","Subtask of: Make notification delivery observable and retryable

_Epic: Notifications & Messaging_","Medium","Platform","","epic-ntf","phase-3-booking","","",""
"Epic","481","","Group Planning, Favorites & Reviews","Group Planning, Favorites & Reviews","The social layer: share a trip, collect votes, and let people who actually went write about it. Reviews are moderated for abuse but never rewritten.

*Phase:* Phase 4 - Group + Weather
*Stories in this epic:* 6","High","Traveller","","epic-grp","phase-4-group-weather","","",""
"Story","482","481","","Build shareable group-planning links with roles","A trip owner shares one link, and the link itself decides whether the recipient can look, vote or edit.

*Acceptance criteria*
* A trip owner can create a shareable link with a view, vote or edit permission.
* A participant can join without creating an account when the link permits it.
* The owner can revoke a link and see who has joined.
* Permissions are enforced server-side, not just hidden in the UI.

*Subtasks*
* Model share links, permissions and participants
* Implement link creation, revocation and expiry
* Implement the guest participation path with a session identity
* Build the share dialog and the participants panel
* Write permission enforcement tests per role

_BRD reference: FR-050, AC-08_","High","Traveller","8","epic-grp","phase-4-group-weather","group","traveller",""
"Sub-task","483","482","","Model share links, permissions and participants","Subtask of: Build shareable group-planning links with roles

_Epic: Group Planning, Favorites & Reviews_","High","Traveller","","epic-grp","phase-4-group-weather","","",""
"Sub-task","484","482","","Implement link creation, revocation and expiry","Subtask of: Build shareable group-planning links with roles

_Epic: Group Planning, Favorites & Reviews_","High","Traveller","","epic-grp","phase-4-group-weather","","",""
"Sub-task","485","482","","Implement the guest participation path with a session identity","Subtask of: Build shareable group-planning links with roles

_Epic: Group Planning, Favorites & Reviews_","High","Traveller","","epic-grp","phase-4-group-weather","","",""
"Sub-task","486","482","","Build the share dialog and the participants panel","Subtask of: Build shareable group-planning links with roles

_Epic: Group Planning, Favorites & Reviews_","High","Traveller","","epic-grp","phase-4-group-weather","","",""
"Sub-task","487","482","","Write permission enforcement tests per role","Subtask of: Build shareable group-planning links with roles

_Epic: Group Planning, Favorites & Reviews_","High","Traveller","","epic-grp","phase-4-group-weather","","",""
"Story","488","481","","Implement participant voting","Participants vote on suggested experiences and categories, and can change their mind until the trip is locked.

*Acceptance criteria*
* Participants can vote on suggested experiences and categories.
* Votes are attributed to a participant or session and can be updated until the trip is locked.
* Vote counts update for everyone without a manual refresh.
* Locking the trip closes voting and states who locked it and when.

*Subtasks*
* Model votes with participant attribution
* Build the voting UI on the group trip page
* Implement vote updates and the tally
* Implement trip locking and its effect on voting
* Add polling or live updates for the tally

_BRD reference: FR-051, AC-08_","High","Traveller","5","epic-grp","phase-4-group-weather","group","traveller",""
"Sub-task","489","488","","Model votes with participant attribution","Subtask of: Implement participant voting

_Epic: Group Planning, Favorites & Reviews_","High","Traveller","","epic-grp","phase-4-group-weather","","",""
"Sub-task","490","488","","Build the voting UI on the group trip page","Subtask of: Implement participant voting

_Epic: Group Planning, Favorites & Reviews_","High","Traveller","","epic-grp","phase-4-group-weather","","",""
"Sub-task","491","488","","Implement vote updates and the tally","Subtask of: Implement participant voting

_Epic: Group Planning, Favorites & Reviews_","High","Traveller","","epic-grp","phase-4-group-weather","","",""
"Sub-task","492","488","","Implement trip locking and its effect on voting","Subtask of: Implement participant voting

_Epic: Group Planning, Favorites & Reviews_","High","Traveller","","epic-grp","phase-4-group-weather","","",""
"Sub-task","493","488","","Add polling or live updates for the tally","Subtask of: Implement participant voting

_Epic: Group Planning, Favorites & Reviews_","High","Traveller","","epic-grp","phase-4-group-weather","","",""
"Story","494","481","","Build the group recommendation summary","Summarise where the group agrees and where it does not, without exposing anything a participant did not agree to share.

*Acceptance criteria*
* The summary reports agreement, disagreement and the main trade-offs.
* No participant's private preference is shown beyond what they agreed to share.
* The summary is derived from recorded votes and shared preferences only.
* The summary updates as votes change.

*Subtasks*
* Define the group-fit scoring across participant preferences
* Implement the privacy filter over participant data
* Build the agreement summary component
* Write tests asserting unshared preferences never appear

_BRD reference: FR-052_","Medium","Traveller","5","epic-grp","phase-4-group-weather","group","ai",""
"Sub-task","495","494","","Define the group-fit scoring across participant preferences","Subtask of: Build the group recommendation summary

_Epic: Group Planning, Favorites & Reviews_","Medium","Traveller","","epic-grp","phase-4-group-weather","","",""
"Sub-task","496","494","","Implement the privacy filter over participant data","Subtask of: Build the group recommendation summary

_Epic: Group Planning, Favorites & Reviews_","Medium","Traveller","","epic-grp","phase-4-group-weather","","",""
"Sub-task","497","494","","Build the agreement summary component","Subtask of: Build the group recommendation summary

_Epic: Group Planning, Favorites & Reviews_","Medium","Traveller","","epic-grp","phase-4-group-weather","","",""
"Sub-task","498","494","","Write tests asserting unshared preferences never appear","Subtask of: Build the group recommendation summary

_Epic: Group Planning, Favorites & Reviews_","Medium","Traveller","","epic-grp","phase-4-group-weather","","",""
"Story","499","481","","Implement review eligibility and submission","Only people who actually had the interaction can review it, and each of them only once.

*Acceptance criteria*
* A review can only be submitted after a completed or confirmed qualifying interaction.
* Eligibility is enforced server-side and duplicate reviews are prevented.
* Every review is attributable to a real account and a specific eligibility event.
* Reviews can be reported and moderated for abuse but never edited by the platform.

*Subtasks*
* Model reviews with their eligibility event reference
* Implement the eligibility check and duplicate prevention
* Build the review submission form with rating dimensions
* Build the review display with verified-stay indication
* Implement review reporting into the moderation queue

_BRD reference: FR-054, BR-11, AC-10_","High","Traveller","8","epic-grp","phase-4-group-weather","reviews","trust",""
"Sub-task","500","499","","Model reviews with their eligibility event reference","Subtask of: Implement review eligibility and submission

_Epic: Group Planning, Favorites & Reviews_","High","Traveller","","epic-grp","phase-4-group-weather","","",""
"Sub-task","501","499","","Implement the eligibility check and duplicate prevention","Subtask of: Implement review eligibility and submission

_Epic: Group Planning, Favorites & Reviews_","High","Traveller","","epic-grp","phase-4-group-weather","","",""
"Sub-task","502","499","","Build the review submission form with rating dimensions","Subtask of: Implement review eligibility and submission

_Epic: Group Planning, Favorites & Reviews_","High","Traveller","","epic-grp","phase-4-group-weather","","",""
"Sub-task","503","499","","Build the review display with verified-stay indication","Subtask of: Implement review eligibility and submission

_Epic: Group Planning, Favorites & Reviews_","High","Traveller","","epic-grp","phase-4-group-weather","","",""
"Sub-task","504","499","","Implement review reporting into the moderation queue","Subtask of: Implement review eligibility and submission

_Epic: Group Planning, Favorites & Reviews_","High","Traveller","","epic-grp","phase-4-group-weather","","",""
"Story","505","481","","Implement business responses to reviews","A business gets a right of reply, and no ability to make a review disappear.

*Acceptance criteria*
* A business can publicly respond to a review once.
* A business cannot edit, hide or delete a legitimate review.
* Responses are subject to the same moderation policy as reviews.
* The response is shown beneath the review with a clear business label.

*Subtasks*
* Model review responses
* Build the respond control in the business portal
* Enforce the one-response and no-edit rules
* Route responses through moderation

_BRD reference: FR-055, BR-11_","Medium","Traveller","3","epic-grp","phase-4-group-weather","reviews","business",""
"Sub-task","506","505","","Model review responses","Subtask of: Implement business responses to reviews

_Epic: Group Planning, Favorites & Reviews_","Medium","Traveller","","epic-grp","phase-4-group-weather","","",""
"Sub-task","507","505","","Build the respond control in the business portal","Subtask of: Implement business responses to reviews

_Epic: Group Planning, Favorites & Reviews_","Medium","Traveller","","epic-grp","phase-4-group-weather","","",""
"Sub-task","508","505","","Enforce the one-response and no-edit rules","Subtask of: Implement business responses to reviews

_Epic: Group Planning, Favorites & Reviews_","Medium","Traveller","","epic-grp","phase-4-group-weather","","",""
"Sub-task","509","505","","Route responses through moderation","Subtask of: Implement business responses to reviews

_Epic: Group Planning, Favorites & Reviews_","Medium","Traveller","","epic-grp","phase-4-group-weather","","",""
"Story","510","481","","Build review aggregation and display","Ratings that roll up honestly, including the distribution rather than just the average.

*Acceptance criteria*
* Listing pages show the average rating, the count and the distribution.
* Aggregates recompute when a review is added, hidden or restored.
* A listing with too few reviews says so rather than showing a misleading average.
* Hidden reviews are excluded from aggregates but retained for audit.

*Subtasks*
* Implement the aggregation with incremental recompute
* Build the rating summary component with distribution
* Implement the low-sample display rule
* Write tests covering hide, restore and recompute

_BRD reference: FR-054, BR-01_","Medium","Traveller","3","epic-grp","phase-4-group-weather","reviews","catalogue",""
"Sub-task","511","510","","Implement the aggregation with incremental recompute","Subtask of: Build review aggregation and display

_Epic: Group Planning, Favorites & Reviews_","Medium","Traveller","","epic-grp","phase-4-group-weather","","",""
"Sub-task","512","510","","Build the rating summary component with distribution","Subtask of: Build review aggregation and display

_Epic: Group Planning, Favorites & Reviews_","Medium","Traveller","","epic-grp","phase-4-group-weather","","",""
"Sub-task","513","510","","Implement the low-sample display rule","Subtask of: Build review aggregation and display

_Epic: Group Planning, Favorites & Reviews_","Medium","Traveller","","epic-grp","phase-4-group-weather","","",""
"Sub-task","514","510","","Write tests covering hide, restore and recompute","Subtask of: Build review aggregation and display

_Epic: Group Planning, Favorites & Reviews_","Medium","Traveller","","epic-grp","phase-4-group-weather","","",""
"Epic","515","","Localization, RTL & Accessibility","Localization, RTL & Accessibility","Arabic, English and French as first-class languages, Arabic RTL that actually works, and a product usable by keyboard and screen reader. This is treated as a delivery gate, not a polish pass.

*Phase:* Cross-cutting
*Stories in this epic:* 4","High","Design","","epic-i18n","cross-cutting","","",""
"Story","516","515","","Build the translation workflow and message catalogues","One place where strings live, with a process that catches a missing translation before a user does.

*Acceptance criteria*
* All user-facing strings come from message catalogues; no hardcoded copy ships.
* Missing keys fail the build rather than falling back silently in production.
* Pluralisation, date, number and currency formatting are locale-aware.
* Translator handoff and review are documented.

*Subtasks*
* Set up the catalogue structure and key naming convention
* Add a CI check for hardcoded strings and missing keys
* Implement locale-aware date, number and currency formatting
* Write the translation contribution guide
* Complete the English, Arabic and French catalogues for MVP screens

_BRD reference: FR-005, AC-16_","Highest","Design","5","epic-i18n","cross-cutting","i18n","",""
"Sub-task","517","516","","Set up the catalogue structure and key naming convention","Subtask of: Build the translation workflow and message catalogues

_Epic: Localization, RTL & Accessibility_","Highest","Design","","epic-i18n","cross-cutting","","",""
"Sub-task","518","516","","Add a CI check for hardcoded strings and missing keys","Subtask of: Build the translation workflow and message catalogues

_Epic: Localization, RTL & Accessibility_","Highest","Design","","epic-i18n","cross-cutting","","",""
"Sub-task","519","516","","Implement locale-aware date, number and currency formatting","Subtask of: Build the translation workflow and message catalogues

_Epic: Localization, RTL & Accessibility_","Highest","Design","","epic-i18n","cross-cutting","","",""
"Sub-task","520","516","","Write the translation contribution guide","Subtask of: Build the translation workflow and message catalogues

_Epic: Localization, RTL & Accessibility_","Highest","Design","","epic-i18n","cross-cutting","","",""
"Sub-task","521","516","","Complete the English, Arabic and French catalogues for MVP screens","Subtask of: Build the translation workflow and message catalogues

_Epic: Localization, RTL & Accessibility_","Highest","Design","","epic-i18n","cross-cutting","","",""
"Story","522","515","","Make Arabic RTL correct across every surface","Direction is not a stylesheet flip. Icons, drawers, progress, charts, maps and form affordances all need checking.

*Acceptance criteria*
* Every MVP screen renders correctly in RTL at 390px and 1440px.
* Directional icons, drawers, carousels and progress indicators mirror correctly.
* No component uses physical left/right where logical properties are needed.
* Mixed-direction content - Arabic text with Latin place names or numbers - renders without bidi corruption.

*Subtasks*
* Audit and convert physical CSS properties to logical properties
* Fix directional icon and navigation mirroring
* Handle bidi isolation for mixed-direction strings
* Capture RTL visual snapshots for every MVP screen
* Test the map, charts and date pickers specifically in RTL

_BRD reference: FR-005, AC-16_","Highest","Design","8","epic-i18n","cross-cutting","i18n","rtl",""
"Sub-task","523","522","","Audit and convert physical CSS properties to logical properties","Subtask of: Make Arabic RTL correct across every surface

_Epic: Localization, RTL & Accessibility_","Highest","Design","","epic-i18n","cross-cutting","","",""
"Sub-task","524","522","","Fix directional icon and navigation mirroring","Subtask of: Make Arabic RTL correct across every surface

_Epic: Localization, RTL & Accessibility_","Highest","Design","","epic-i18n","cross-cutting","","",""
"Sub-task","525","522","","Handle bidi isolation for mixed-direction strings","Subtask of: Make Arabic RTL correct across every surface

_Epic: Localization, RTL & Accessibility_","Highest","Design","","epic-i18n","cross-cutting","","",""
"Sub-task","526","522","","Capture RTL visual snapshots for every MVP screen","Subtask of: Make Arabic RTL correct across every surface

_Epic: Localization, RTL & Accessibility_","Highest","Design","","epic-i18n","cross-cutting","","",""
"Sub-task","527","522","","Test the map, charts and date pickers specifically in RTL","Subtask of: Make Arabic RTL correct across every surface

_Epic: Localization, RTL & Accessibility_","Highest","Design","","epic-i18n","cross-cutting","","",""
"Story","528","515","","Handle Lebanese Arabic in AI input","People will not type Modern Standard Arabic into the planner. The intent extractor has to cope with how Lebanese Arabic is actually written, including Arabizi.

*Acceptance criteria*
* The intent extractor handles Lebanese dialect phrasing and Latin-script Arabizi.
* A dialect evaluation set is part of the automated test suite.
* Extraction accuracy on the dialect set meets the agreed threshold before release.
* Unrecognised phrasing asks for clarification rather than guessing.

*Subtasks*
* Build the Lebanese Arabic and Arabizi evaluation set
* Tune the extraction prompt with dialect examples
* Add the dialect evaluation to CI with a pass threshold
* Implement the low-confidence clarification path

_BRD reference: FR-020, AC-16_","High","Design","5","epic-i18n","cross-cutting","i18n","ai",""
"Sub-task","529","528","","Build the Lebanese Arabic and Arabizi evaluation set","Subtask of: Handle Lebanese Arabic in AI input

_Epic: Localization, RTL & Accessibility_","High","Design","","epic-i18n","cross-cutting","","",""
"Sub-task","530","528","","Tune the extraction prompt with dialect examples","Subtask of: Handle Lebanese Arabic in AI input

_Epic: Localization, RTL & Accessibility_","High","Design","","epic-i18n","cross-cutting","","",""
"Sub-task","531","528","","Add the dialect evaluation to CI with a pass threshold","Subtask of: Handle Lebanese Arabic in AI input

_Epic: Localization, RTL & Accessibility_","High","Design","","epic-i18n","cross-cutting","","",""
"Sub-task","532","528","","Implement the low-confidence clarification path","Subtask of: Handle Lebanese Arabic in AI input

_Epic: Localization, RTL & Accessibility_","High","Design","","epic-i18n","cross-cutting","","",""
"Story","533","515","","Meet WCAG 2.2 AA across the MVP screens","Keyboard operability, visible focus, correct semantics and adequate contrast - verified, not assumed.

*Acceptance criteria*
* Every interactive element is reachable and operable by keyboard with a visible focus indicator.
* Colour contrast meets 4.5:1 for text and 3:1 for control boundaries.
* Forms have programmatic labels, error association and clear error text.
* Automated axe checks run in CI and a manual screen-reader pass covers the booking flow.

*Subtasks*
* Add automated axe-core checks to component and page tests
* Fix keyboard traps and focus-order problems
* Add labels, descriptions and error associations to all forms
* Implement skip links and landmark structure
* Run and document a manual screen-reader pass on the booking flow

_BRD reference: Package review findings_","High","Design","8","epic-i18n","cross-cutting","accessibility","",""
"Sub-task","534","533","","Add automated axe-core checks to component and page tests","Subtask of: Meet WCAG 2.2 AA across the MVP screens

_Epic: Localization, RTL & Accessibility_","High","Design","","epic-i18n","cross-cutting","","",""
"Sub-task","535","533","","Fix keyboard traps and focus-order problems","Subtask of: Meet WCAG 2.2 AA across the MVP screens

_Epic: Localization, RTL & Accessibility_","High","Design","","epic-i18n","cross-cutting","","",""
"Sub-task","536","533","","Add labels, descriptions and error associations to all forms","Subtask of: Meet WCAG 2.2 AA across the MVP screens

_Epic: Localization, RTL & Accessibility_","High","Design","","epic-i18n","cross-cutting","","",""
"Sub-task","537","533","","Implement skip links and landmark structure","Subtask of: Meet WCAG 2.2 AA across the MVP screens

_Epic: Localization, RTL & Accessibility_","High","Design","","epic-i18n","cross-cutting","","",""
"Sub-task","538","533","","Run and document a manual screen-reader pass on the booking flow","Subtask of: Meet WCAG 2.2 AA across the MVP screens

_Epic: Localization, RTL & Accessibility_","High","Design","","epic-i18n","cross-cutting","","",""
"Epic","539","","Security, Privacy & Trust","Security, Privacy & Trust","The controls that make the marketplace safe to transact in: authorisation everywhere, auditing of anything consequential, and no secret or personal record leaking into a log.

*Phase:* Cross-cutting
*Stories in this epic:* 7","High","Platform","","epic-sec","cross-cutting","","",""
"Story","540","539","","Implement authorisation checks on every endpoint","Every endpoint answers who is asking and what they are allowed to touch, with no reliance on an unguessable ID.

*Acceptance criteria*
* Every endpoint enforces authentication and object-level authorisation.
* No endpoint relies on an opaque identifier as its only protection.
* Automated tests attempt cross-user and cross-org access on every resource type.
* Authorisation failures return a consistent response that does not leak existence.

*Subtasks*
* Define the permission model and its enforcement helper
* Audit and guard every existing endpoint
* Write the automated IDOR test suite across resource types
* Standardise the authorisation failure response

_BRD reference: BR-21, FR-073_","Highest","Platform","8","epic-sec","cross-cutting","security","",""
"Sub-task","541","540","","Define the permission model and its enforcement helper","Subtask of: Implement authorisation checks on every endpoint

_Epic: Security, Privacy & Trust_","Highest","Platform","","epic-sec","cross-cutting","","",""
"Sub-task","542","540","","Audit and guard every existing endpoint","Subtask of: Implement authorisation checks on every endpoint

_Epic: Security, Privacy & Trust_","Highest","Platform","","epic-sec","cross-cutting","","",""
"Sub-task","543","540","","Write the automated IDOR test suite across resource types","Subtask of: Implement authorisation checks on every endpoint

_Epic: Security, Privacy & Trust_","Highest","Platform","","epic-sec","cross-cutting","","",""
"Sub-task","544","540","","Standardise the authorisation failure response","Subtask of: Implement authorisation checks on every endpoint

_Epic: Security, Privacy & Trust_","Highest","Platform","","epic-sec","cross-cutting","","",""
"Story","545","539","","Build the audit log","Anything consequential - verification, moderation, financial overrides, configuration - leaves a record of who, what, when and why.

*Acceptance criteria*
* Consequential actions write an audit entry with actor, action, target, reason and timestamp.
* Audit entries are append-only and cannot be edited or deleted from the application.
* Admin can search and filter the audit log.
* Audit coverage is asserted by tests for each consequential action type.

*Subtasks*
* Design the append-only audit schema
* Implement the audit-write helper and apply it at each call site
* Build the admin audit log search screen
* Write coverage tests asserting each action type audits

_BRD reference: FR-070, BR-20, FR-073_","Highest","Platform","5","epic-sec","cross-cutting","security","admin",""
"Sub-task","546","545","","Design the append-only audit schema","Subtask of: Build the audit log

_Epic: Security, Privacy & Trust_","Highest","Platform","","epic-sec","cross-cutting","","",""
"Sub-task","547","545","","Implement the audit-write helper and apply it at each call site","Subtask of: Build the audit log

_Epic: Security, Privacy & Trust_","Highest","Platform","","epic-sec","cross-cutting","","",""
"Sub-task","548","545","","Build the admin audit log search screen","Subtask of: Build the audit log

_Epic: Security, Privacy & Trust_","Highest","Platform","","epic-sec","cross-cutting","","",""
"Sub-task","549","545","","Write coverage tests asserting each action type audits","Subtask of: Build the audit log

_Epic: Security, Privacy & Trust_","Highest","Platform","","epic-sec","cross-cutting","","",""
"Story","550","539","","Implement rate limiting and abuse controls","Protect sign-in, password reset, search, AI generation and booking from volume abuse and from cost blowout.

*Acceptance criteria*
* Authentication, reset, search, AI generation and booking endpoints are rate limited.
* Limits differ per endpoint and per authentication state.
* Exceeded limits return a clear, non-leaking response with a retry hint.
* AI generation has a per-user and per-day cost ceiling.

*Subtasks*
* Implement the rate-limiting middleware with a shared store
* Configure per-endpoint limits and document them
* Implement the AI generation cost ceiling and its user messaging
* Add rate-limit metrics and alerting

_BRD reference: FR-001, BRD S16_","High","Platform","5","epic-sec","cross-cutting","security","",""
"Sub-task","551","550","","Implement the rate-limiting middleware with a shared store","Subtask of: Implement rate limiting and abuse controls

_Epic: Security, Privacy & Trust_","High","Platform","","epic-sec","cross-cutting","","",""
"Sub-task","552","550","","Configure per-endpoint limits and document them","Subtask of: Implement rate limiting and abuse controls

_Epic: Security, Privacy & Trust_","High","Platform","","epic-sec","cross-cutting","","",""
"Sub-task","553","550","","Implement the AI generation cost ceiling and its user messaging","Subtask of: Implement rate limiting and abuse controls

_Epic: Security, Privacy & Trust_","High","Platform","","epic-sec","cross-cutting","","",""
"Sub-task","554","550","","Add rate-limit metrics and alerting","Subtask of: Implement rate limiting and abuse controls

_Epic: Security, Privacy & Trust_","High","Platform","","epic-sec","cross-cutting","","",""
"Story","555","539","","Prevent secrets and personal data reaching logs","Logs and error reports carry correlation IDs, never tokens, card references or personal records.

*Acceptance criteria*
* No secret, token or payment identifier appears in any log or error report.
* Personal data in logs is minimised and redacted by a shared scrubber.
* Every request carries a correlation ID through logs, traces and Sentry.
* An automated test asserts the scrubber removes each sensitive field class.

*Subtasks*
* Implement the log scrubber with a sensitive-field registry
* Configure Sentry beforeSend scrubbing
* Implement correlation ID propagation across web and API
* Write scrubber tests for every sensitive field class

_BRD reference: AC-15_","Highest","Platform","3","epic-sec","cross-cutting","security","observability",""
"Sub-task","556","555","","Implement the log scrubber with a sensitive-field registry","Subtask of: Prevent secrets and personal data reaching logs

_Epic: Security, Privacy & Trust_","Highest","Platform","","epic-sec","cross-cutting","","",""
"Sub-task","557","555","","Configure Sentry beforeSend scrubbing","Subtask of: Prevent secrets and personal data reaching logs

_Epic: Security, Privacy & Trust_","Highest","Platform","","epic-sec","cross-cutting","","",""
"Sub-task","558","555","","Implement correlation ID propagation across web and API","Subtask of: Prevent secrets and personal data reaching logs

_Epic: Security, Privacy & Trust_","Highest","Platform","","epic-sec","cross-cutting","","",""
"Sub-task","559","555","","Write scrubber tests for every sensitive field class","Subtask of: Prevent secrets and personal data reaching logs

_Epic: Security, Privacy & Trust_","Highest","Platform","","epic-sec","cross-cutting","","",""
"Story","560","539","","Harden file upload and media handling","Images and verification documents are untrusted input until proven otherwise.

*Acceptance criteria*
* Uploads are validated by content type and by actual content, not by file extension.
* Verification documents are stored privately and served only through short-lived signed URLs.
* Image processing runs through ImageKit rather than in the application process.
* Upload size and rate are limited per organisation.

*Subtasks*
* Implement server-side content validation for uploads
* Configure private storage and signed URL issuance for documents
* Configure ImageKit transformations and delivery
* Add upload size and rate limits

_BRD reference: FR-062, FR-060_","High","Platform","3","epic-sec","cross-cutting","security","media",""
"Sub-task","561","560","","Implement server-side content validation for uploads","Subtask of: Harden file upload and media handling

_Epic: Security, Privacy & Trust_","High","Platform","","epic-sec","cross-cutting","","",""
"Sub-task","562","560","","Configure private storage and signed URL issuance for documents","Subtask of: Harden file upload and media handling

_Epic: Security, Privacy & Trust_","High","Platform","","epic-sec","cross-cutting","","",""
"Sub-task","563","560","","Configure ImageKit transformations and delivery","Subtask of: Harden file upload and media handling

_Epic: Security, Privacy & Trust_","High","Platform","","epic-sec","cross-cutting","","",""
"Sub-task","564","560","","Add upload size and rate limits","Subtask of: Harden file upload and media handling

_Epic: Security, Privacy & Trust_","High","Platform","","epic-sec","cross-cutting","","",""
"Story","565","539","","Write the privacy policy, terms and consent flows","The public trust pages and the consent points that make personalisation lawful and reversible.

*Acceptance criteria*
* Privacy policy, terms of service, cancellation policy and community guidelines are published.
* Consent for personalisation and for marketing is captured separately and is revocable.
* Cookie consent defaults to the privacy-preserving option.
* The trust pages are available in all three languages.

*Subtasks*
* Draft the policy documents with the required Lebanon-specific content
* Build the trust and policy pages
* Implement the consent capture and revocation flows
* Implement cookie consent defaulting to essential only

_BRD reference: BR-22, BRD S16_","High","Platform","5","epic-sec","cross-cutting","privacy","legal",""
"Sub-task","566","565","","Draft the policy documents with the required Lebanon-specific content","Subtask of: Write the privacy policy, terms and consent flows

_Epic: Security, Privacy & Trust_","High","Platform","","epic-sec","cross-cutting","","",""
"Sub-task","567","565","","Build the trust and policy pages","Subtask of: Write the privacy policy, terms and consent flows

_Epic: Security, Privacy & Trust_","High","Platform","","epic-sec","cross-cutting","","",""
"Sub-task","568","565","","Implement the consent capture and revocation flows","Subtask of: Write the privacy policy, terms and consent flows

_Epic: Security, Privacy & Trust_","High","Platform","","epic-sec","cross-cutting","","",""
"Sub-task","569","565","","Implement cookie consent defaulting to essential only","Subtask of: Write the privacy policy, terms and consent flows

_Epic: Security, Privacy & Trust_","High","Platform","","epic-sec","cross-cutting","","",""
"Story","570","539","","Run a pre-pilot security review","Before real businesses and real travellers, run a structured review against the controls this epic built.

*Acceptance criteria*
* A threat model covering the three surfaces is documented.
* A dependency and container vulnerability scan runs in CI and is clean of criticals.
* A penetration test or structured internal review is completed with findings tracked.
* All critical and high findings are resolved or formally accepted before pilot.

*Subtasks*
* Write the threat model for traveller, business and admin surfaces
* Add dependency and container scanning to CI
* Run the structured security review and log findings as issues
* Track findings to resolution or documented acceptance

_BRD reference: Phase 5, BRD S16_","Medium","Platform","5","epic-sec","cross-cutting","security","phase-5",""
"Sub-task","571","570","","Write the threat model for traveller, business and admin surfaces","Subtask of: Run a pre-pilot security review

_Epic: Security, Privacy & Trust_","Medium","Platform","","epic-sec","cross-cutting","","",""
"Sub-task","572","570","","Add dependency and container scanning to CI","Subtask of: Run a pre-pilot security review

_Epic: Security, Privacy & Trust_","Medium","Platform","","epic-sec","cross-cutting","","",""
"Sub-task","573","570","","Run the structured security review and log findings as issues","Subtask of: Run a pre-pilot security review

_Epic: Security, Privacy & Trust_","Medium","Platform","","epic-sec","cross-cutting","","",""
"Sub-task","574","570","","Track findings to resolution or documented acceptance","Subtask of: Run a pre-pilot security review

_Epic: Security, Privacy & Trust_","Medium","Platform","","epic-sec","cross-cutting","","",""
"Epic","575","","Quality, Testing & Evaluation","Quality, Testing & Evaluation","The BRD names automated coverage of auth, trip-generation validation, booking and payment transitions as an MVP acceptance criterion. This epic makes that real, and adds the AI-specific evaluation that ordinary tests cannot provide.

*Phase:* Cross-cutting
*Stories in this epic:* 8","High","Platform","","epic-qa","cross-cutting","","",""
"Story","576","575","","Establish the test strategy and pyramid","Agree what is tested where, so the suite stays fast and the gaps are deliberate.

*Acceptance criteria*
* The test strategy document defines unit, integration, end-to-end and evaluation layers.
* Coverage targets are set per layer and per critical path.
* Test data management and fixtures are standardised.
* The full suite runs in under ten minutes in CI.

*Subtasks*
* Write the test strategy document
* Set up the test database and fixture factories
* Configure the CI test matrix and parallelism
* Define and enforce coverage targets on critical paths

_BRD reference: BRD S24, AC-14_","High","Platform","3","epic-qa","cross-cutting","testing","",""
"Sub-task","577","576","","Write the test strategy document","Subtask of: Establish the test strategy and pyramid

_Epic: Quality, Testing & Evaluation_","High","Platform","","epic-qa","cross-cutting","","",""
"Sub-task","578","576","","Set up the test database and fixture factories","Subtask of: Establish the test strategy and pyramid

_Epic: Quality, Testing & Evaluation_","High","Platform","","epic-qa","cross-cutting","","",""
"Sub-task","579","576","","Configure the CI test matrix and parallelism","Subtask of: Establish the test strategy and pyramid

_Epic: Quality, Testing & Evaluation_","High","Platform","","epic-qa","cross-cutting","","",""
"Sub-task","580","576","","Define and enforce coverage targets on critical paths","Subtask of: Establish the test strategy and pyramid

_Epic: Quality, Testing & Evaluation_","High","Platform","","epic-qa","cross-cutting","","",""
"Story","581","575","","Cover the authentication paths with automated tests","One of the four paths the MVP acceptance criteria name explicitly.

*Acceptance criteria*
* Registration, sign-in, sign-out, recovery and session expiry are covered end to end.
* Negative cases - wrong password, expired token, reused reset token - are covered.
* Account enumeration resistance is asserted by test.
* The suite runs on every pull request.

*Subtasks*
* Write unit tests for the credential and session services
* Write integration tests for every auth endpoint
* Write end-to-end tests for the sign-in and recovery journeys
* Assert enumeration resistance and rate limiting

_BRD reference: AC-14, FR-001_","Highest","Platform","5","epic-qa","cross-cutting","testing","auth",""
"Sub-task","582","581","","Write unit tests for the credential and session services","Subtask of: Cover the authentication paths with automated tests

_Epic: Quality, Testing & Evaluation_","Highest","Platform","","epic-qa","cross-cutting","","",""
"Sub-task","583","581","","Write integration tests for every auth endpoint","Subtask of: Cover the authentication paths with automated tests

_Epic: Quality, Testing & Evaluation_","Highest","Platform","","epic-qa","cross-cutting","","",""
"Sub-task","584","581","","Write end-to-end tests for the sign-in and recovery journeys","Subtask of: Cover the authentication paths with automated tests

_Epic: Quality, Testing & Evaluation_","Highest","Platform","","epic-qa","cross-cutting","","",""
"Sub-task","585","581","","Assert enumeration resistance and rate limiting","Subtask of: Cover the authentication paths with automated tests

_Epic: Quality, Testing & Evaluation_","Highest","Platform","","epic-qa","cross-cutting","","",""
"Story","586","575","","Cover trip-generation validation with automated tests","Prove the planner never produces an infeasible plan, and never invents an entity.

*Acceptance criteria*
* Every generated stop is asserted to resolve to a real, active entity ID.
* Hard-constraint satisfaction is asserted for budget, hours, duration, group size and return time.
* The infeasible case is asserted to report infeasibility rather than degrade silently.
* The itinerary total is asserted to equal the database-computed sum.

*Subtasks*
* Build the planner test harness with deterministic fixtures
* Write entity-integrity assertions over generated plans
* Write the constraint-satisfaction test matrix
* Write the infeasibility reporting tests
* Write the total-integrity test

_BRD reference: AC-14, AC-04_","Highest","Platform","8","epic-qa","cross-cutting","testing","planner",""
"Sub-task","587","586","","Build the planner test harness with deterministic fixtures","Subtask of: Cover trip-generation validation with automated tests

_Epic: Quality, Testing & Evaluation_","Highest","Platform","","epic-qa","cross-cutting","","",""
"Sub-task","588","586","","Write entity-integrity assertions over generated plans","Subtask of: Cover trip-generation validation with automated tests

_Epic: Quality, Testing & Evaluation_","Highest","Platform","","epic-qa","cross-cutting","","",""
"Sub-task","589","586","","Write the constraint-satisfaction test matrix","Subtask of: Cover trip-generation validation with automated tests

_Epic: Quality, Testing & Evaluation_","Highest","Platform","","epic-qa","cross-cutting","","",""
"Sub-task","590","586","","Write the infeasibility reporting tests","Subtask of: Cover trip-generation validation with automated tests

_Epic: Quality, Testing & Evaluation_","Highest","Platform","","epic-qa","cross-cutting","","",""
"Sub-task","591","586","","Write the total-integrity test","Subtask of: Cover trip-generation validation with automated tests

_Epic: Quality, Testing & Evaluation_","Highest","Platform","","epic-qa","cross-cutting","","",""
"Story","592","575","","Cover booking and payment state transitions with automated tests","The fourth named path, and the one with money attached.

*Acceptance criteria*
* Every allowed transition is tested and every blocked transition is asserted to fail.
* Concurrency, idempotency and overbooking are covered by dedicated tests.
* Payment failure, timeout and late-success paths are covered by fault injection.
* Reconciliation is covered including the mismatch case.

*Subtasks*
* Write the exhaustive state-transition test suite
* Write the concurrency and idempotency tests
* Write the payment fault-injection tests
* Write the reconciliation tests including mismatch resolution

_BRD reference: AC-14, AC-11, FR-048_","Highest","Platform","8","epic-qa","cross-cutting","testing","booking",""
"Sub-task","593","592","","Write the exhaustive state-transition test suite","Subtask of: Cover booking and payment state transitions with automated tests

_Epic: Quality, Testing & Evaluation_","Highest","Platform","","epic-qa","cross-cutting","","",""
"Sub-task","594","592","","Write the concurrency and idempotency tests","Subtask of: Cover booking and payment state transitions with automated tests

_Epic: Quality, Testing & Evaluation_","Highest","Platform","","epic-qa","cross-cutting","","",""
"Sub-task","595","592","","Write the payment fault-injection tests","Subtask of: Cover booking and payment state transitions with automated tests

_Epic: Quality, Testing & Evaluation_","Highest","Platform","","epic-qa","cross-cutting","","",""
"Sub-task","596","592","","Write the reconciliation tests including mismatch resolution","Subtask of: Cover booking and payment state transitions with automated tests

_Epic: Quality, Testing & Evaluation_","Highest","Platform","","epic-qa","cross-cutting","","",""
"Story","597","575","","Build the AI evaluation suite","Model behaviour needs evaluation sets and thresholds, because a unit test cannot tell you the extractor got worse.

*Acceptance criteria*
* An evaluation set covers intent extraction across Arabic, Lebanese Arabic, English and French.
* Grounding is evaluated - no explanation may reference an entity or fact not retrieved.
* Evaluation runs in CI with a pass threshold and blocks regression.
* Results are tracked over time so prompt changes can be compared.

*Subtasks*
* Build the intent extraction evaluation set with expected outputs
* Build the grounding and hallucination evaluation
* Implement the evaluation runner with thresholds
* Wire evaluation into CI as a gate
* Build the evaluation result history report

_BRD reference: AC-16, FR-020, BRD S24_","High","Platform","8","epic-qa","cross-cutting","testing","ai",""
"Sub-task","598","597","","Build the intent extraction evaluation set with expected outputs","Subtask of: Build the AI evaluation suite

_Epic: Quality, Testing & Evaluation_","High","Platform","","epic-qa","cross-cutting","","",""
"Sub-task","599","597","","Build the grounding and hallucination evaluation","Subtask of: Build the AI evaluation suite

_Epic: Quality, Testing & Evaluation_","High","Platform","","epic-qa","cross-cutting","","",""
"Sub-task","600","597","","Implement the evaluation runner with thresholds","Subtask of: Build the AI evaluation suite

_Epic: Quality, Testing & Evaluation_","High","Platform","","epic-qa","cross-cutting","","",""
"Sub-task","601","597","","Wire evaluation into CI as a gate","Subtask of: Build the AI evaluation suite

_Epic: Quality, Testing & Evaluation_","High","Platform","","epic-qa","cross-cutting","","",""
"Sub-task","602","597","","Build the evaluation result history report","Subtask of: Build the AI evaluation suite

_Epic: Quality, Testing & Evaluation_","High","Platform","","epic-qa","cross-cutting","","",""
"Story","603","575","","Build end-to-end journey tests","The three journeys that matter, driven through a real browser in all three languages.

*Acceptance criteria*
* The traveller journey from search to confirmed booking passes end to end.
* The business journey from registration to responding to a request passes end to end.
* The admin journey from verification queue to approved business passes end to end.
* Each journey runs at 390px and 1440px and at least once in Arabic RTL.

*Subtasks*
* Set up Playwright with the three-locale and two-viewport matrix
* Write the traveller booking journey test
* Write the business onboarding and response journey test
* Write the admin verification journey test
* Add visual regression snapshots for key screens

_BRD reference: BRD S9, S24_","High","Platform","5","epic-qa","cross-cutting","testing","",""
"Sub-task","604","603","","Set up Playwright with the three-locale and two-viewport matrix","Subtask of: Build end-to-end journey tests

_Epic: Quality, Testing & Evaluation_","High","Platform","","epic-qa","cross-cutting","","",""
"Sub-task","605","603","","Write the traveller booking journey test","Subtask of: Build end-to-end journey tests

_Epic: Quality, Testing & Evaluation_","High","Platform","","epic-qa","cross-cutting","","",""
"Sub-task","606","603","","Write the business onboarding and response journey test","Subtask of: Build end-to-end journey tests

_Epic: Quality, Testing & Evaluation_","High","Platform","","epic-qa","cross-cutting","","",""
"Sub-task","607","603","","Write the admin verification journey test","Subtask of: Build end-to-end journey tests

_Epic: Quality, Testing & Evaluation_","High","Platform","","epic-qa","cross-cutting","","",""
"Sub-task","608","603","","Add visual regression snapshots for key screens","Subtask of: Build end-to-end journey tests

_Epic: Quality, Testing & Evaluation_","High","Platform","","epic-qa","cross-cutting","","",""
"Story","609","575","","Run performance and load testing","Find out where it breaks before the pilot does.

*Acceptance criteria*
* Response-time targets are defined per endpoint class and asserted under load.
* Planner generation time is measured and meets the agreed budget at the 95th percentile.
* Database query performance is profiled and the slow queries are indexed.
* Load test results and the identified ceiling are documented.

*Subtasks*
* Define performance budgets per endpoint class
* Build the load test scenarios for search, planning and booking
* Profile and index the slow queries
* Run the load test and document the capacity ceiling
* Add Core Web Vitals monitoring to the frontend

_BRD reference: BRD S15_","Medium","Platform","5","epic-qa","cross-cutting","testing","performance",""
"Sub-task","610","609","","Define performance budgets per endpoint class","Subtask of: Run performance and load testing

_Epic: Quality, Testing & Evaluation_","Medium","Platform","","epic-qa","cross-cutting","","",""
"Sub-task","611","609","","Build the load test scenarios for search, planning and booking","Subtask of: Run performance and load testing

_Epic: Quality, Testing & Evaluation_","Medium","Platform","","epic-qa","cross-cutting","","",""
"Sub-task","612","609","","Profile and index the slow queries","Subtask of: Run performance and load testing

_Epic: Quality, Testing & Evaluation_","Medium","Platform","","epic-qa","cross-cutting","","",""
"Sub-task","613","609","","Run the load test and document the capacity ceiling","Subtask of: Run performance and load testing

_Epic: Quality, Testing & Evaluation_","Medium","Platform","","epic-qa","cross-cutting","","",""
"Sub-task","614","609","","Add Core Web Vitals monitoring to the frontend","Subtask of: Run performance and load testing

_Epic: Quality, Testing & Evaluation_","Medium","Platform","","epic-qa","cross-cutting","","",""
"Story","615","575","","Run user acceptance testing against the MVP criteria","Walk the sixteen acceptance criteria with real users and record the result of each one.

*Acceptance criteria*
* Each of the sixteen MVP acceptance criteria has a written test script and a recorded result.
* UAT is run with participants covering all three languages.
* Defects found are logged, triaged and linked to the criterion they failed.
* Sign-off records which criteria passed, which were waived and why.

*Subtasks*
* Write the UAT script for each acceptance criterion
* Recruit participants across the three languages
* Run the UAT sessions and record results
* Triage and track the defects found
* Produce the sign-off record

_BRD reference: AC-01 to AC-16_","Medium","Platform","5","epic-qa","cross-cutting","testing","phase-5",""
"Sub-task","616","615","","Write the UAT script for each acceptance criterion","Subtask of: Run user acceptance testing against the MVP criteria

_Epic: Quality, Testing & Evaluation_","Medium","Platform","","epic-qa","cross-cutting","","",""
"Sub-task","617","615","","Recruit participants across the three languages","Subtask of: Run user acceptance testing against the MVP criteria

_Epic: Quality, Testing & Evaluation_","Medium","Platform","","epic-qa","cross-cutting","","",""
"Sub-task","618","615","","Run the UAT sessions and record results","Subtask of: Run user acceptance testing against the MVP criteria

_Epic: Quality, Testing & Evaluation_","Medium","Platform","","epic-qa","cross-cutting","","",""
"Sub-task","619","615","","Triage and track the defects found","Subtask of: Run user acceptance testing against the MVP criteria

_Epic: Quality, Testing & Evaluation_","Medium","Platform","","epic-qa","cross-cutting","","",""
"Sub-task","620","615","","Produce the sign-off record","Subtask of: Run user acceptance testing against the MVP criteria

_Epic: Quality, Testing & Evaluation_","Medium","Platform","","epic-qa","cross-cutting","","",""
"Epic","621","","Observability, DevOps & Production Pilot","Observability, DevOps & Production Pilot","Everything needed to run this in front of real businesses: monitoring that tells you what broke, runbooks for when it does, and the commercial and legal decisions the pilot cannot start without.

*Phase:* Phase 5 - Production Pilot
*Stories in this epic:* 9","High","Platform","","epic-ops","phase-5-pilot","","",""
"Story","622","621","","Integrate Sentry and structured logging","Errors reach a dashboard with enough context to diagnose them and nothing that should not be there.

*Acceptance criteria*
* Sentry captures frontend and backend errors in every deployed environment.
* A deliberately triggered test error is captured and visible.
* Logs are structured, carry a correlation ID and contain no secrets.
* Error volume and new-issue rate are alerted on.

*Subtasks*
* Integrate Sentry in the web app and the API
* Configure release tagging and source maps
* Implement structured logging with correlation IDs
* Verify the controlled test-error capture
* Configure error rate alerting

_BRD reference: AC-15, BRD S25_","Highest","Platform","3","epic-ops","phase-5-pilot","observability","",""
"Sub-task","623","622","","Integrate Sentry in the web app and the API","Subtask of: Integrate Sentry and structured logging

_Epic: Observability, DevOps & Production Pilot_","Highest","Platform","","epic-ops","phase-5-pilot","","",""
"Sub-task","624","622","","Configure release tagging and source maps","Subtask of: Integrate Sentry and structured logging

_Epic: Observability, DevOps & Production Pilot_","Highest","Platform","","epic-ops","phase-5-pilot","","",""
"Sub-task","625","622","","Implement structured logging with correlation IDs","Subtask of: Integrate Sentry and structured logging

_Epic: Observability, DevOps & Production Pilot_","Highest","Platform","","epic-ops","phase-5-pilot","","",""
"Sub-task","626","622","","Verify the controlled test-error capture","Subtask of: Integrate Sentry and structured logging

_Epic: Observability, DevOps & Production Pilot_","Highest","Platform","","epic-ops","phase-5-pilot","","",""
"Sub-task","627","622","","Configure error rate alerting","Subtask of: Integrate Sentry and structured logging

_Epic: Observability, DevOps & Production Pilot_","Highest","Platform","","epic-ops","phase-5-pilot","","",""
"Story","628","621","","Build application and business metrics dashboards","Separate views for is it up and is it working, because those are different questions.

*Acceptance criteria*
* Infrastructure and application health metrics are dashboarded with alert thresholds.
* Business metrics - bookings, plan generations, conversion - are dashboarded separately.
* External provider latency and error rates are tracked per provider.
* AI provider cost per day and per plan is tracked against budget.

*Subtasks*
* Instrument the API with request, latency and error metrics
* Build the infrastructure health dashboard with alerts
* Build the business metrics dashboard
* Track external provider latency, errors and cost
* Set up the on-call alert routing

_BRD reference: BRD S19, S25_","High","Platform","5","epic-ops","phase-5-pilot","observability","",""
"Sub-task","629","628","","Instrument the API with request, latency and error metrics","Subtask of: Build application and business metrics dashboards

_Epic: Observability, DevOps & Production Pilot_","High","Platform","","epic-ops","phase-5-pilot","","",""
"Sub-task","630","628","","Build the infrastructure health dashboard with alerts","Subtask of: Build application and business metrics dashboards

_Epic: Observability, DevOps & Production Pilot_","High","Platform","","epic-ops","phase-5-pilot","","",""
"Sub-task","631","628","","Build the business metrics dashboard","Subtask of: Build application and business metrics dashboards

_Epic: Observability, DevOps & Production Pilot_","High","Platform","","epic-ops","phase-5-pilot","","",""
"Sub-task","632","628","","Track external provider latency, errors and cost","Subtask of: Build application and business metrics dashboards

_Epic: Observability, DevOps & Production Pilot_","High","Platform","","epic-ops","phase-5-pilot","","",""
"Sub-task","633","628","","Set up the on-call alert routing","Subtask of: Build application and business metrics dashboards

_Epic: Observability, DevOps & Production Pilot_","High","Platform","","epic-ops","phase-5-pilot","","",""
"Story","634","621","","Implement backup, restore and disaster recovery","A backup that has never been restored is not a backup.

*Acceptance criteria*
* Automated database backups run on a documented schedule with a stated retention.
* Point-in-time recovery is available and its window is documented.
* A restore drill is performed and the time to recover is recorded.
* RPO and RTO targets are agreed and documented.

*Subtasks*
* Configure automated backups and retention
* Enable and verify point-in-time recovery
* Run a full restore drill into a scratch environment
* Document RPO, RTO and the restore runbook

_BRD reference: BRD S25_","Highest","Platform","5","epic-ops","phase-5-pilot","devops","data",""
"Sub-task","635","634","","Configure automated backups and retention","Subtask of: Implement backup, restore and disaster recovery

_Epic: Observability, DevOps & Production Pilot_","Highest","Platform","","epic-ops","phase-5-pilot","","",""
"Sub-task","636","634","","Enable and verify point-in-time recovery","Subtask of: Implement backup, restore and disaster recovery

_Epic: Observability, DevOps & Production Pilot_","Highest","Platform","","epic-ops","phase-5-pilot","","",""
"Sub-task","637","634","","Run a full restore drill into a scratch environment","Subtask of: Implement backup, restore and disaster recovery

_Epic: Observability, DevOps & Production Pilot_","Highest","Platform","","epic-ops","phase-5-pilot","","",""
"Sub-task","638","634","","Document RPO, RTO and the restore runbook","Subtask of: Implement backup, restore and disaster recovery

_Epic: Observability, DevOps & Production Pilot_","Highest","Platform","","epic-ops","phase-5-pilot","","",""
"Story","639","621","","Write the operational runbooks","The documents someone reads at 2am: what to do when the planner fails, when payments mismatch, when a provider is down.

*Acceptance criteria*
* Runbooks exist for AI provider outage, payment provider outage, routing outage and database incident.
* Each runbook names the detection signal, the immediate mitigation and the escalation path.
* The reconciliation runbook covers the payment and booking mismatch queue.
* Runbooks are reviewed after each incident.

*Subtasks*
* Write the AI provider outage runbook
* Write the payment and reconciliation runbook
* Write the routing and maps outage runbook
* Write the database incident and restore runbook
* Define the incident review process

_BRD reference: BRD S25, S18_","Medium","Platform","3","epic-ops","phase-5-pilot","devops","support",""
"Sub-task","640","639","","Write the AI provider outage runbook","Subtask of: Write the operational runbooks

_Epic: Observability, DevOps & Production Pilot_","Medium","Platform","","epic-ops","phase-5-pilot","","",""
"Sub-task","641","639","","Write the payment and reconciliation runbook","Subtask of: Write the operational runbooks

_Epic: Observability, DevOps & Production Pilot_","Medium","Platform","","epic-ops","phase-5-pilot","","",""
"Sub-task","642","639","","Write the routing and maps outage runbook","Subtask of: Write the operational runbooks

_Epic: Observability, DevOps & Production Pilot_","Medium","Platform","","epic-ops","phase-5-pilot","","",""
"Sub-task","643","639","","Write the database incident and restore runbook","Subtask of: Write the operational runbooks

_Epic: Observability, DevOps & Production Pilot_","Medium","Platform","","epic-ops","phase-5-pilot","","",""
"Sub-task","644","639","","Define the incident review process","Subtask of: Write the operational runbooks

_Epic: Observability, DevOps & Production Pilot_","Medium","Platform","","epic-ops","phase-5-pilot","","",""
"Story","645","621","","Decide and document the production payment provider","Stripe covers the demo. It does not cover Lebanon in production. This decision gates the pilot and needs to be made with the abstraction already in place.

*Acceptance criteria*
* Candidate providers and local acquiring options for Lebanon are evaluated and compared.
* The commercial, legal and technical constraints of each are documented.
* A decision is recorded with its rationale and its implementation cost.
* The chosen provider is validated against the existing payment abstraction.

*Subtasks*
* Research payment providers and acquiring options available for Lebanon
* Document fees, settlement, currency and compliance constraints per option
* Evaluate the fit against the existing provider interface
* Record the decision and the implementation plan

_BRD reference: BRD S26, FR-045_","Highest","Platform","5","epic-ops","phase-5-pilot","payments","phase-5","legal"
"Sub-task","646","645","","Research payment providers and acquiring options available for Lebanon","Subtask of: Decide and document the production payment provider

_Epic: Observability, DevOps & Production Pilot_","Highest","Platform","","epic-ops","phase-5-pilot","","",""
"Sub-task","647","645","","Document fees, settlement, currency and compliance constraints per option","Subtask of: Decide and document the production payment provider

_Epic: Observability, DevOps & Production Pilot_","Highest","Platform","","epic-ops","phase-5-pilot","","",""
"Sub-task","648","645","","Evaluate the fit against the existing provider interface","Subtask of: Decide and document the production payment provider

_Epic: Observability, DevOps & Production Pilot_","Highest","Platform","","epic-ops","phase-5-pilot","","",""
"Sub-task","649","645","","Record the decision and the implementation plan","Subtask of: Decide and document the production payment provider

_Epic: Observability, DevOps & Production Pilot_","Highest","Platform","","epic-ops","phase-5-pilot","","",""
"Story","650","621","","Prepare the legal and policy foundation for the pilot","Business terms, traveller terms, cancellation and refund policy, and the data-protection position - in place before the first real transaction.

*Acceptance criteria*
* Business partner terms and traveller terms of service are drafted and reviewed.
* The platform cancellation and refund policy is published and matches what the code enforces.
* The data-protection position and retention schedule are documented.
* Policy documents exist in all three languages.

*Subtasks*
* Draft the business partner agreement
* Draft the traveller terms of service
* Publish the cancellation and refund policy and reconcile it with the code
* Document the data protection position and retention schedule
* Translate the policy set into Arabic and French

_BRD reference: Phase 5, BRD S17_","High","Platform","5","epic-ops","phase-5-pilot","legal","phase-5",""
"Sub-task","651","650","","Draft the business partner agreement","Subtask of: Prepare the legal and policy foundation for the pilot

_Epic: Observability, DevOps & Production Pilot_","High","Platform","","epic-ops","phase-5-pilot","","",""
"Sub-task","652","650","","Draft the traveller terms of service","Subtask of: Prepare the legal and policy foundation for the pilot

_Epic: Observability, DevOps & Production Pilot_","High","Platform","","epic-ops","phase-5-pilot","","",""
"Sub-task","653","650","","Publish the cancellation and refund policy and reconcile it with the code","Subtask of: Prepare the legal and policy foundation for the pilot

_Epic: Observability, DevOps & Production Pilot_","High","Platform","","epic-ops","phase-5-pilot","","",""
"Sub-task","654","650","","Document the data protection position and retention schedule","Subtask of: Prepare the legal and policy foundation for the pilot

_Epic: Observability, DevOps & Production Pilot_","High","Platform","","epic-ops","phase-5-pilot","","",""
"Sub-task","655","650","","Translate the policy set into Arabic and French","Subtask of: Prepare the legal and policy foundation for the pilot

_Epic: Observability, DevOps & Production Pilot_","High","Platform","","epic-ops","phase-5-pilot","","",""
"Story","656","621","","Build the partner onboarding programme","Getting the first real businesses on is a process, not a signup form: outreach, data collection, training and a support path.

*Acceptance criteria*
* An onboarding playbook covers outreach, verification, listing setup and training.
* Business-facing help content and a getting-started guide are published.
* A named support path exists with a response-time commitment.
* Pilot partner targets and success measures are agreed.

*Subtasks*
* Write the partner onboarding playbook
* Build the business help centre content
* Define the support channel and its response commitment
* Agree pilot partner targets and success measures
* Run onboarding with the first pilot cohort

_BRD reference: Phase 5, AC-09_","Medium","Platform","5","epic-ops","phase-5-pilot","phase-5","business",""
"Sub-task","657","656","","Write the partner onboarding playbook","Subtask of: Build the partner onboarding programme

_Epic: Observability, DevOps & Production Pilot_","Medium","Platform","","epic-ops","phase-5-pilot","","",""
"Sub-task","658","656","","Build the business help centre content","Subtask of: Build the partner onboarding programme

_Epic: Observability, DevOps & Production Pilot_","Medium","Platform","","epic-ops","phase-5-pilot","","",""
"Sub-task","659","656","","Define the support channel and its response commitment","Subtask of: Build the partner onboarding programme

_Epic: Observability, DevOps & Production Pilot_","Medium","Platform","","epic-ops","phase-5-pilot","","",""
"Sub-task","660","656","","Agree pilot partner targets and success measures","Subtask of: Build the partner onboarding programme

_Epic: Observability, DevOps & Production Pilot_","Medium","Platform","","epic-ops","phase-5-pilot","","",""
"Sub-task","661","656","","Run onboarding with the first pilot cohort","Subtask of: Build the partner onboarding programme

_Epic: Observability, DevOps & Production Pilot_","Medium","Platform","","epic-ops","phase-5-pilot","","",""
"Story","662","621","","Build the public help and trust surfaces","The help centre, contact, safety, about and policy pages that make an unfamiliar marketplace credible.

*Acceptance criteria*
* Help centre, contact, safety, about and policy pages are published.
* A traveller can find how cancellation works and how to reach support in two clicks from any page.
* All content exists in Arabic, English and French.
* Contact submissions land in the support case queue.

*Subtasks*
* Write the help centre articles for the common journeys
* Build the help centre with search
* Build the contact form wired to the support queue
* Build the safety, about and policy pages
* Translate all help and trust content

_BRD reference: Screen inventory, FR-076_","Medium","Platform","3","epic-ops","phase-5-pilot","content","trust",""
"Sub-task","663","662","","Write the help centre articles for the common journeys","Subtask of: Build the public help and trust surfaces

_Epic: Observability, DevOps & Production Pilot_","Medium","Platform","","epic-ops","phase-5-pilot","","",""
"Sub-task","664","662","","Build the help centre with search","Subtask of: Build the public help and trust surfaces

_Epic: Observability, DevOps & Production Pilot_","Medium","Platform","","epic-ops","phase-5-pilot","","",""
"Sub-task","665","662","","Build the contact form wired to the support queue","Subtask of: Build the public help and trust surfaces

_Epic: Observability, DevOps & Production Pilot_","Medium","Platform","","epic-ops","phase-5-pilot","","",""
"Sub-task","666","662","","Build the safety, about and policy pages","Subtask of: Build the public help and trust surfaces

_Epic: Observability, DevOps & Production Pilot_","Medium","Platform","","epic-ops","phase-5-pilot","","",""
"Sub-task","667","662","","Translate all help and trust content","Subtask of: Build the public help and trust surfaces

_Epic: Observability, DevOps & Production Pilot_","Medium","Platform","","epic-ops","phase-5-pilot","","",""
"Story","668","621","","Run the pilot readiness review and go-live","One structured gate covering acceptance criteria, security findings, runbooks, legal, payments and monitoring before real money moves.

*Acceptance criteria*
* All sixteen MVP acceptance criteria are demonstrated and signed off or explicitly waived.
* Security findings are closed or formally accepted.
* Runbooks, backups and monitoring are verified operational.
* A go or no-go decision is recorded with its conditions.

*Subtasks*
* Assemble the readiness checklist across all gates
* Run the acceptance criteria demonstration
* Verify monitoring, backups and runbooks operationally
* Hold the go or no-go review and record the decision
* Execute the go-live plan with a rollback path

_BRD reference: Phase 5, AC-01 to AC-16_","Medium","Platform","5","epic-ops","phase-5-pilot","phase-5","",""
"Sub-task","669","668","","Assemble the readiness checklist across all gates","Subtask of: Run the pilot readiness review and go-live

_Epic: Observability, DevOps & Production Pilot_","Medium","Platform","","epic-ops","phase-5-pilot","","",""
"Sub-task","670","668","","Run the acceptance criteria demonstration","Subtask of: Run the pilot readiness review and go-live

_Epic: Observability, DevOps & Production Pilot_","Medium","Platform","","epic-ops","phase-5-pilot","","",""
"Sub-task","671","668","","Verify monitoring, backups and runbooks operationally","Subtask of: Run the pilot readiness review and go-live

_Epic: Observability, DevOps & Production Pilot_","Medium","Platform","","epic-ops","phase-5-pilot","","",""
"Sub-task","672","668","","Hold the go or no-go review and record the decision","Subtask of: Run the pilot readiness review and go-live

_Epic: Observability, DevOps & Production Pilot_","Medium","Platform","","epic-ops","phase-5-pilot","","",""
"Sub-task","673","668","","Execute the go-live plan with a rollback path","Subtask of: Run the pilot readiness review and go-live

_Epic: Observability, DevOps & Production Pilot_","Medium","Platform","","epic-ops","phase-5-pilot","","",""
